Fecha,Producto,Cantidad,Precio Unitario,Total Venta,Meses
2023-01-17,Electrónic,7,200,1400,1
2023-09-01,Electrónic,8,200,1600,9
2023-07-29,Juguetes,3,30,90,7
2023-10-04,Alimentos,4,10,40,10
2023-02-28,Electrónic,6,200,1200,2
2023-03-11,Ropa,9,50,450,3
2023-11-03,Juguetes,4,30,120,11
2023-11-08,Ropa,9,50,450,11
2023-03-22,Ropa,10,50,500,3
2023-09-29,Ropa,1,50,50,9
2023-09-12,Alimentos,2,10,20,9
2023-01-25,Juguetes,3,30,90,1
2023-11-21,Alimentos,3,10,30,11
2023-05-27,Alimentos,2,10,20,5
2023-01-19,Juguetes,10,30,300,1
2023-12-05,Libros,4,20,80,12
2023-06-05,Alimentos,6,10,60,6
2023-05-19,Libros,10,20,200,5
2023-01-20,Alimentos,9,10,90,1
2023-06-18,Electrónic,9,200,1800,6
2023-11-21,Alimentos,1,10,10,11
2023-05-01,Electrónic,10,200,2000,5
2023-02-10,Juguetes,1,30,30,2
2023-07-27,Libros,3,20,60,7
2023-09-13,Alimentos,8,10,80,9
2023-09-11,Juguetes,6,30,180,9
2023-12-10,Libros,1,20,20,12
2023-07-23,Libros,1,20,20,7
2023-01-17,Libros,9,20,180,1
2023-05-19,Ropa,10,50,500,5
2023-05-09,Juguetes,8,30,240,5
2023-02-21,Juguetes,8,30,240,2
2023-06-01,Alimentos,1,10,10,6
2023-04-02,Ropa,6,50,300,4
2023-08-21,Libros,3,20,60,8
2023-09-12,Juguetes,1,30,30,9
2023-02-17,Libros,6,20,120,2
2023-11-19,Electrónic,4,200,800,11
2023-06-28,Electrónic,8,200,1600,6
2023-03-20,Juguetes,2,30,60,3
2023-06-01,Juguetes,4,30,120,6
2023-11-19,Electrónic,10,200,2000,11
2023-10-18,Ropa,4,50,200,10
2023-04-11,Alimentos,6,10,60,4
2023-10-20,Alimentos,4,10,40,10
2023-11-20,Juguetes,8,30,240,11
2023-05-04,Alimentos,6,10,60,5
2023-08-08,Electrónic,10,200,2000,8
2023-01-07,Libros,4,20,80,1
2023-12-05,Electrónic,1,200,200,12
2023-03-18,Libros,7,20,140,3
2023-06-07,Electrónic,2,200,400,6
2023-05-17,Juguetes,6,30,180,5
2023-08-20,Libros,4,20,80,8
2023-06-01,Ropa,4,50,200,6
2023-12-23,Ropa,5,50,250,12
2023-11-11,Alimentos,1,10,10,11
2023-09-28,Libros,8,20,160,9
2023-08-04,Alimentos,9,10,90,8
2023-02-14,Libros,4,20,80,2
2023-08-12,Juguetes,6,30,180,8
2023-10-09,Juguetes,6,30,180,10
2023-11-08,Libros,5,20,100,11
2023-08-24,Ropa,3,50,150,8
2023-10-17,Juguetes,9,30,270,10
2023-07-26,Libros,10,20,200,7
2023-08-13,Electrónic,10,200,2000,8
2023-10-18,Libros,3,20,60,10
2023-08-18,Libros,8,20,160,8
2023-09-17,Electrónic,6,200,1200,9
2023-10-14,Ropa,9,50,450,10
2023-11-07,Ropa,7,50,350,11
2023-03-06,Juguetes,2,30,60,3
2023-07-31,Ropa,2,50,100,7
2023-06-28,Libros,8,20,160,6
2023-01-12,Electrónic,4,200,800,1
2023-09-15,Juguetes,6,30,180,9
2023-12-03,Ropa,6,50,300,12
2023-06-15,Electrónic,5,200,1000,6
2023-12-09,Electrónic,4,200,800,12
2023-05-03,Alimentos,8,10,80,5
2023-07-02,Juguetes,4,30,120,7
2023-12-18,Libros,5,20,100,12
2023-08-06,Electrónic,6,200,1200,8
2023-06-15,Alimentos,10,10,100,6
2023-08-25,Juguetes,1,30,30,8
2023-08-11,Juguetes,1,30,30,8
2023-01-30,Electrónic,10,200,2000,1
2023-06-05,Electrónic,6,200,1200,6
2023-06-12,Electrónic,1,200,200,6
2023-04-26,Electrónic,7,200,1400,4
2023-07-09,Ropa,7,50,350,7
2023-07-30,Ropa,5,50,250,7
2023-10-19,Libros,5,20,100,10
2023-11-09,Juguetes,7,30,210,11
2023-11-13,Electrónic,9,200,1800,11
2023-07-14,Electrónic,8,200,1600,7
2023-01-02,Electrónic,5,200,1000,1
2023-05-20,Juguetes,3,30,90,5
2023-01-05,Alimentos,8,10,80,1
2023-01-02,Libros,10,20,200,1
2023-12-24,Ropa,8,50,400,12
2023-02-24,Juguetes,1,30,30,2
2023-08-12,Libros,2,20,40,8
2023-01-21,Ropa,3,50,150,1
2023-01-09,Alimentos,9,10,90,1
2023-07-30,Juguetes,1,30,30,7
2023-07-20,Electrónic,9,200,1800,7
2023-03-05,Alimentos,2,10,20,3
2023-08-09,Juguetes,2,30,60,8
2023-12-11,Alimentos,6,10,60,12
2023-05-22,Libros,1,20,20,5
2023-07-22,Electrónic,5,200,1000,7
2023-06-03,Libros,1,20,20,6
2023-09-02,Juguetes,5,30,150,9
2023-08-12,Alimentos,10,10,100,8
2023-07-14,Ropa,10,50,500,7
2023-10-12,Alimentos,3,10,30,10
2023-05-25,Libros,9,20,180,5
2023-09-15,Libros,3,20,60,9
2023-01-18,Ropa,10,50,500,1
2023-01-25,Ropa,10,50,500,1
2023-09-07,Electrónic,7,200,1400,9
2023-02-07,Electrónic,4,200,800,2
2023-10-26,Ropa,3,50,150,10
2023-04-14,Libros,8,20,160,4
2023-03-05,Alimentos,5,10,50,3
2023-12-15,Juguetes,7,30,210,12
2023-09-14,Juguetes,3,30,90,9
2023-10-12,Juguetes,1,30,30,10
2023-07-18,Alimentos,7,10,70,7
2023-07-27,Juguetes,2,30,60,7
2023-05-25,Electrónic,6,200,1200,5
2023-10-03,Electrónic,6,200,1200,10
2023-11-27,Libros,3,20,60,11
2023-06-24,Libros,10,20,200,6
2023-03-05,Juguetes,3,30,90,3
2023-06-29,Ropa,3,50,150,6
2023-02-24,Libros,4,20,80,2
2023-01-30,Electrónic,3,200,600,1
2023-10-04,Juguetes,2,30,60,10
2023-10-06,Ropa,3,50,150,10
2023-06-24,Electrónic,7,200,1400,6
2023-04-20,Ropa,7,50,350,4
2023-03-10,Electrónic,2,200,400,3
2023-01-05,Ropa,3,50,150,1
2023-05-29,Juguetes,7,30,210,5
2023-08-08,Juguetes,1,30,30,8
2023-08-09,Juguetes,9,30,270,8
2023-12-18,Ropa,1,50,50,12
2023-09-17,Alimentos,7,10,70,9
2023-02-05,Alimentos,5,10,50,2
2023-10-24,Alimentos,7,10,70,10
2023-10-17,Electrónic,3,200,600,10
2023-12-28,Ropa,5,50,250,12
2023-11-05,Electrónic,7,200,1400,11
2023-07-08,Juguetes,5,30,150,7
2023-01-31,Ropa,1,50,50,1
2023-07-17,Alimentos,5,10,50,7
2023-08-13,Alimentos,7,10,70,8
2023-10-05,Juguetes,4,30,120,10
2023-10-08,Ropa,8,50,400,10
2023-07-13,Juguetes,2,30,60,7
2023-01-14,Alimentos,10,10,100,1
2023-03-19,Electrónic,6,200,1200,3
2023-06-01,Alimentos,2,10,20,6
2023-03-17,Ropa,1,50,50,3
2023-01-10,Juguetes,5,30,150,1
2023-11-21,Juguetes,9,30,270,11
2023-12-14,Juguetes,1,30,30,12
2023-05-19,Libros,8,20,160,5
2023-02-26,Electrónic,4,200,800,2
2023-06-09,Libros,2,20,40,6
2023-01-07,Libros,2,20,40,1
2023-10-04,Libros,1,20,20,10
2023-04-15,Alimentos,10,10,100,4
2023-10-02,Juguetes,10,30,300,10
2023-07-01,Alimentos,8,10,80,7
2023-12-27,Ropa,8,50,400,12
2023-10-24,Ropa,10,50,500,10
2023-01-22,Electrónic,4,200,800,1
2023-02-03,Alimentos,4,10,40,2
2023-09-23,Libros,8,20,160,9
2023-05-28,Juguetes,5,30,150,5
2023-08-19,Alimentos,8,10,80,8
2023-11-22,Alimentos,7,10,70,11
2023-12-23,Ropa,1,50,50,12
2023-12-12,Juguetes,7,30,210,12
2023-06-29,Alimentos,10,10,100,6
2023-06-27,Juguetes,10,30,300,6
2023-11-26,Libros,8,20,160,11
2023-06-22,Juguetes,3,30,90,6
2023-05-17,Juguetes,7,30,210,5
2023-07-23,Ropa,9,50,450,7
2023-08-29,Electrónic,3,200,600,8
2023-05-21,Alimentos,6,10,60,5
2023-07-31,Ropa,5,50,250,7
2023-03-05,Ropa,1,50,50,3
2023-10-26,Juguetes,1,30,30,10
2023-04-10,Alimentos,5,10,50,4
2023-01-26,Electrónic,10,200,2000,1
2023-12-13,Ropa,10,50,500,12
2023-01-19,Electrónic,10,200,2000,1
2023-07-09,Electrónic,3,200,600,7
2023-10-01,Alimentos,2,10,20,10
2023-08-19,Electrónic,8,200,1600,8
2023-07-03,Alimentos,2,10,20,7
2023-08-19,Electrónic,2,200,400,8
2023-08-01,Libros,3,20,60,8
2023-04-03,Alimentos,1,10,10,4
2023-07-08,Ropa,8,50,400,7
2023-08-27,Electrónic,2,200,400,8
2023-02-11,Libros,3,20,60,2
2023-11-19,Juguetes,2,30,60,11
2023-01-06,Libros,1,20,20,1
2023-05-30,Electrónic,5,200,1000,5
2023-07-12,Juguetes,3,30,90,7
2023-06-26,Electrónic,4,200,800,6
2023-12-01,Ropa,7,50,350,12
2023-04-21,Electrónic,5,200,1000,4
2023-12-02,Electrónic,6,200,1200,12
2023-05-14,Juguetes,8,30,240,5
2023-01-02,Libros,6,20,120,1
2023-04-27,Electrónic,3,200,600,4
2023-09-07,Libros,9,20,180,9
2023-08-03,Electrónic,6,200,1200,8
2023-03-06,Ropa,2,50,100,3
2023-07-04,Electrónic,3,200,600,7
2023-09-20,Juguetes,3,30,90,9
2023-09-26,Alimentos,10,10,100,9
2023-11-09,Ropa,1,50,50,11
2023-07-08,Ropa,3,50,150,7
2023-09-14,Electrónic,1,200,200,9
2023-07-05,Juguetes,4,30,120,7
2023-11-05,Libros,6,20,120,11
2023-07-14,Alimentos,6,10,60,7
2023-08-17,Libros,4,20,80,8
2023-12-06,Electrónic,9,200,1800,12
2023-06-02,Libros,8,20,160,6
2023-02-28,Electrónic,5,200,1000,2
2023-04-24,Libros,10,20,200,4
2023-09-04,Libros,5,20,100,9
2023-10-05,Alimentos,7,10,70,10
2023-01-05,Ropa,1,50,50,1
2023-03-01,Electrónic,4,200,800,3
2023-08-09,Electrónic,8,200,1600,8
2023-09-01,Ropa,7,50,350,9
2023-07-12,Alimentos,7,10,70,7
2023-07-12,Ropa,6,50,300,7
2023-01-15,Ropa,6,50,300,1
2023-12-06,Juguetes,1,30,30,12
2023-10-24,Juguetes,10,30,300,10
2023-05-01,Alimentos,2,10,20,5
2023-11-21,Libros,8,20,160,11
2023-03-06,Ropa,4,50,200,3
2023-04-08,Juguetes,9,30,270,4
2023-04-19,Juguetes,9,30,270,4
2023-04-30,Electrónic,7,200,1400,4
2023-01-27,Libros,1,20,20,1
2023-03-30,Libros,5,20,100,3
2023-10-23,Libros,3,20,60,10
2023-10-26,Ropa,3,50,150,10
2023-03-11,Juguetes,1,30,30,3
2023-04-04,Juguetes,5,30,150,4
2023-12-19,Juguetes,9,30,270,12
2023-05-01,Libros,2,20,40,5
2023-12-23,Electrónic,4,200,800,12
2023-08-22,Libros,2,20,40,8
2023-01-09,Ropa,9,50,450,1
2023-09-18,Ropa,10,50,500,9
2023-07-28,Libros,2,20,40,7
2023-07-26,Electrónic,7,200,1400,7
2023-10-29,Libros,4,20,80,10
2023-11-04,Juguetes,8,30,240,11
2023-07-14,Alimentos,4,10,40,7
2023-08-09,Libros,8,20,160,8
2023-09-19,Juguetes,4,30,120,9
2023-02-07,Alimentos,8,10,80,2
2023-03-19,Juguetes,3,30,90,3
2023-09-13,Alimentos,5,10,50,9
2023-12-27,Libros,4,20,80,12
2023-04-10,Ropa,5,50,250,4
2023-06-30,Electrónic,7,200,1400,6
2023-01-31,Electrónic,7,200,1400,1
2023-11-29,Alimentos,7,10,70,11
2023-08-12,Alimentos,6,10,60,8
2023-02-14,Ropa,3,50,150,2
2023-12-02,Juguetes,6,30,180,12
2023-08-05,Juguetes,10,30,300,8
2023-07-21,Alimentos,5,10,50,7
2023-05-22,Libros,10,20,200,5
2023-05-17,Alimentos,1,10,10,5
2023-09-28,Electrónic,6,200,1200,9
2023-07-20,Electrónic,7,200,1400,7
2023-03-16,Electrónic,1,200,200,3
2023-05-08,Electrónic,2,200,400,5
2023-07-21,Ropa,3,50,150,7
2023-09-27,Electrónic,8,200,1600,9
2023-08-24,Electrónic,7,200,1400,8
2023-07-30,Juguetes,7,30,210,7
2023-06-27,Libros,7,20,140,6
2023-12-14,Juguetes,6,30,180,12
2023-05-02,Alimentos,3,10,30,5
2023-10-06,Libros,7,20,140,10
2023-12-13,Alimentos,9,10,90,12
2023-08-10,Ropa,7,50,350,8
2023-09-22,Electrónic,5,200,1000,9
2023-09-03,Electrónic,7,200,1400,9
2023-05-04,Electrónic,5,200,1000,5
2023-02-10,Alimentos,3,10,30,2
2023-06-13,Alimentos,1,10,10,6
2023-07-27,Electrónic,6,200,1200,7
2023-04-08,Libros,1,20,20,4
2023-02-07,Alimentos,1,10,10,2
2023-02-23,Alimentos,10,10,100,2
2023-08-20,Libros,9,20,180,8
2023-02-12,Alimentos,8,10,80,2
2023-11-03,Ropa,2,50,100,11
2023-05-27,Electrónic,10,200,2000,5
2023-04-11,Alimentos,6,10,60,4
2023-12-03,Alimentos,5,10,50,12
2023-12-28,Alimentos,9,10,90,12
2023-07-21,Ropa,10,50,500,7
2023-08-29,Electrónic,6,200,1200,8
2023-12-20,Libros,5,20,100,12
2023-02-19,Electrónic,4,200,800,2
2023-01-06,Libros,1,20,20,1
2023-07-02,Juguetes,3,30,90,7
2023-12-03,Alimentos,1,10,10,12
2023-05-11,Electrónic,7,200,1400,5
2023-03-29,Libros,9,20,180,3
2023-10-29,Juguetes,2,30,60,10
2023-04-23,Juguetes,10,30,300,4
2023-07-25,Juguetes,7,30,210,7
2023-12-05,Electrónic,9,200,1800,12
2023-07-10,Alimentos,10,10,100,7
2023-11-13,Libros,9,20,180,11
2023-07-26,Ropa,10,50,500,7
2023-08-29,Electrónic,8,200,1600,8
2023-01-11,Libros,8,20,160,1
2023-12-20,Juguetes,4,30,120,12
2023-03-25,Libros,7,20,140,3
2023-03-23,Ropa,8,50,400,3
2023-05-18,Juguetes,5,30,150,5
2023-08-02,Electrónic,2,200,400,8
2023-12-11,Ropa,5,50,250,12
2023-02-01,Juguetes,9,30,270,2
2023-12-12,Alimentos,10,10,100,12
2023-02-09,Electrónic,10,200,2000,2
2023-12-24,Libros,8,20,160,12
2023-09-06,Alimentos,6,10,60,9
2023-08-28,Ropa,6,50,300,8
2023-01-15,Ropa,2,50,100,1
2023-05-04,Ropa,1,50,50,5
2023-06-29,Ropa,4,50,200,6
2023-04-29,Libros,6,20,120,4
2023-10-28,Alimentos,10,10,100,10
2023-01-30,Juguetes,10,30,300,1
2023-02-19,Alimentos,4,10,40,2
2023-02-01,Electrónic,10,200,2000,2
2023-09-04,Ropa,1,50,50,9
2023-06-29,Alimentos,10,10,100,6
2023-04-29,Alimentos,8,10,80,4
2023-11-11,Alimentos,1,10,10,11
2023-04-03,Ropa,7,50,350,4
2023-12-13,Juguetes,8,30,240,12
2023-07-11,Alimentos,10,10,100,7
2023-07-01,Electrónic,1,200,200,7
2023-04-01,Ropa,7,50,350,4
2023-06-30,Ropa,1,50,50,6
2023-01-27,Ropa,7,50,350,1
2023-11-26,Juguetes,8,30,240,11
2023-08-17,Alimentos,5,10,50,8
2023-11-03,Alimentos,9,10,90,11
2023-01-01,Alimentos,3,10,30,1
2023-07-20,Alimentos,4,10,40,7
2023-04-21,Electrónic,7,200,1400,4
2023-08-10,Libros,9,20,180,8
2023-06-18,Alimentos,9,10,90,6
2023-07-16,Electrónic,9,200,1800,7
2023-01-19,Libros,7,20,140,1
2023-05-15,Alimentos,6,10,60,5
2023-08-02,Electrónic,1,200,200,8
2023-10-12,Juguetes,1,30,30,10
2023-08-05,Electrónic,4,200,800,8
2023-05-13,Electrónic,7,200,1400,5
2023-09-11,Electrónic,7,200,1400,9
2023-12-20,Juguetes,2,30,60,12
2023-11-12,Libros,1,20,20,11
2023-09-05,Alimentos,1,10,10,9
2023-11-29,Juguetes,3,30,90,11
2023-09-30,Electrónic,9,200,1800,9
2023-09-27,Libros,7,20,140,9
2023-11-27,Alimentos,1,10,10,11
2023-06-28,Libros,6,20,120,6
2023-12-09,Juguetes,5,30,150,12
2023-11-26,Libros,7,20,140,11
2023-10-08,Electrónic,7,200,1400,10
2023-06-04,Libros,3,20,60,6
2023-03-09,Ropa,1,50,50,3
2023-07-10,Libros,6,20,120,7
2023-05-14,Libros,5,20,100,5
2023-08-30,Libros,5,20,100,8
2023-02-27,Ropa,10,50,500,2
2023-11-26,Libros,6,20,120,11
2023-03-13,Ropa,6,50,300,3
2023-06-11,Alimentos,9,10,90,6
2023-05-18,Electrónic,3,200,600,5
2023-01-09,Ropa,9,50,450,1
2023-01-04,Ropa,5,50,250,1
2023-05-05,Ropa,5,50,250,5
2023-04-22,Libros,7,20,140,4
2023-04-02,Juguetes,9,30,270,4
2023-04-17,Juguetes,8,30,240,4
2023-03-06,Ropa,7,50,350,3
2023-09-26,Juguetes,7,30,210,9
2023-03-23,Alimentos,5,10,50,3
2023-02-03,Electrónic,10,200,2000,2
2023-04-09,Juguetes,8,30,240,4
2023-10-05,Alimentos,10,10,100,10
2023-10-26,Libros,4,20,80,10
2023-03-31,Alimentos,6,10,60,3
2023-10-26,Alimentos,8,10,80,10
2023-05-08,Electrónic,6,200,1200,5
2023-10-21,Libros,2,20,40,10
2023-03-21,Electrónic,3,200,600,3
2023-12-30,Electrónic,3,200,600,12
2023-03-18,Alimentos,1,10,10,3
2023-05-19,Electrónic,7,200,1400,5
2023-06-24,Alimentos,9,10,90,6
2023-07-20,Electrónic,3,200,600,7
2023-08-01,Electrónic,4,200,800,8
2023-05-17,Ropa,6,50,300,5
2023-08-22,Electrónic,10,200,2000,8
2023-07-07,Alimentos,7,10,70,7
2023-03-26,Libros,6,20,120,3
2023-05-18,Juguetes,4,30,120,5
2023-11-05,Alimentos,6,10,60,11
2023-08-24,Juguetes,6,30,180,8
2023-12-12,Electrónic,2,200,400,12
2023-02-17,Alimentos,9,10,90,2
2023-07-28,Alimentos,10,10,100,7
2023-04-20,Juguetes,1,30,30,4
2023-08-08,Ropa,2,50,100,8
2023-05-27,Libros,10,20,200,5
2023-10-09,Alimentos,4,10,40,10
2023-11-09,Libros,5,20,100,11
2023-12-13,Ropa,6,50,300,12
2023-08-12,Ropa,8,50,400,8
2023-03-22,Juguetes,9,30,270,3
2023-09-08,Alimentos,7,10,70,9
2023-03-28,Juguetes,8,30,240,3
2023-08-01,Ropa,10,50,500,8
2023-09-07,Alimentos,10,10,100,9
2023-09-18,Ropa,10,50,500,9
2023-11-30,Alimentos,1,10,10,11
2023-08-14,Electrónic,10,200,2000,8
2023-09-27,Electrónic,3,200,600,9
2023-07-17,Juguetes,8,30,240,7
2023-05-01,Juguetes,3,30,90,5
2023-04-27,Ropa,2,50,100,4
2023-06-30,Juguetes,3,30,90,6
2023-06-19,Electrónic,9,200,1800,6
2023-10-23,Juguetes,9,30,270,10
2023-03-21,Alimentos,10,10,100,3
2023-10-31,Juguetes,9,30,270,10
2023-10-01,Libros,6,20,120,10
2023-02-26,Electrónic,2,200,400,2
2023-01-15,Libros,9,20,180,1
2023-09-29,Juguetes,3,30,90,9
2023-09-23,Ropa,8,50,400,9
2023-03-07,Juguetes,7,30,210,3
2023-05-13,Alimentos,2,10,20,5
2023-05-08,Electrónic,9,200,1800,5
2023-10-26,Juguetes,7,30,210,10
2023-11-02,Libros,6,20,120,11
2023-03-01,Ropa,4,50,200,3
2023-04-02,Ropa,10,50,500,4
2023-01-23,Electrónic,4,200,800,1
2023-02-18,Electrónic,2,200,400,2
2023-05-14,Electrónic,8,200,1600,5
2023-05-26,Alimentos,3,10,30,5
2023-06-27,Electrónic,9,200,1800,6
2023-03-24,Juguetes,6,30,180,3
2023-09-05,Libros,3,20,60,9
2023-11-23,Alimentos,4,10,40,11
2023-06-08,Ropa,10,50,500,6
2023-03-01,Libros,7,20,140,3
2023-04-26,Electrónic,3,200,600,4
2023-12-17,Electrónic,6,200,1200,12
2023-08-28,Libros,6,20,120,8
2023-12-22,Ropa,4,50,200,12
2023-12-14,Juguetes,6,30,180,12
2023-10-05,Electrónic,2,200,400,10
2023-04-25,Electrónic,7,200,1400,4
2023-02-10,Libros,10,20,200,2
2023-10-31,Alimentos,6,10,60,10
2023-10-07,Alimentos,9,10,90,10
2023-04-10,Alimentos,8,10,80,4
2023-08-10,Ropa,5,50,250,8
2023-05-15,Juguetes,10,30,300,5
2023-09-06,Juguetes,3,30,90,9
2023-11-13,Alimentos,5,10,50,11
2023-03-30,Electrónic,1,200,200,3
2023-05-14,Electrónic,1,200,200,5
2023-05-27,Alimentos,1,10,10,5
2023-12-09,Electrónic,7,200,1400,12
2023-12-07,Juguetes,6,30,180,12
2023-01-12,Libros,3,20,60,1
2023-03-30,Ropa,6,50,300,3
2023-12-25,Electrónic,1,200,200,12
2023-08-08,Ropa,5,50,250,8
2023-12-04,Alimentos,3,10,30,12
2023-01-25,Electrónic,2,200,400,1
2023-05-14,Electrónic,6,200,1200,5
2023-05-21,Electrónic,3,200,600,5
2023-04-12,Alimentos,3,10,30,4
2023-10-19,Electrónic,10,200,2000,10
2023-08-11,Electrónic,5,200,1000,8
2023-09-05,Juguetes,1,30,30,9
2023-05-29,Alimentos,7,10,70,5
2023-12-02,Alimentos,3,10,30,12
2023-09-10,Libros,3,20,60,9
2023-06-04,Juguetes,5,30,150,6
2023-09-07,Ropa,3,50,150,9
2023-04-11,Alimentos,3,10,30,4
2023-04-20,Juguetes,8,30,240,4
2023-03-24,Libros,10,20,200,3
2023-10-29,Alimentos,8,10,80,10
2023-11-08,Juguetes,10,30,300,11
2023-10-21,Electrónic,10,200,2000,10
2023-09-19,Electrónic,9,200,1800,9
2023-09-12,Electrónic,2,200,400,9
2023-08-29,Electrónic,2,200,400,8
2023-01-24,Electrónic,5,200,1000,1
2023-02-18,Libros,7,20,140,2
2023-08-30,Ropa,10,50,500,8
2023-09-24,Electrónic,1,200,200,9
2023-06-11,Electrónic,7,200,1400,6
2023-09-22,Libros,3,20,60,9
2023-08-09,Alimentos,4,10,40,8
2023-10-14,Ropa,2,50,100,10
2023-05-03,Electrónic,5,200,1000,5
2023-09-20,Electrónic,1,200,200,9
2023-03-08,Electrónic,1,200,200,3
2023-06-05,Juguetes,6,30,180,6
2023-11-20,Electrónic,5,200,1000,11
2023-06-25,Electrónic,10,200,2000,6
2023-12-31,Electrónic,8,200,1600,12
2023-12-08,Electrónic,8,200,1600,12
2023-03-20,Ropa,3,50,150,3
2023-07-20,Juguetes,7,30,210,7
2023-02-28,Electrónic,6,200,1200,2
2023-01-08,Electrónic,10,200,2000,1
2023-05-26,Alimentos,8,10,80,5
2023-05-25,Electrónic,5,200,1000,5
2023-01-19,Ropa,7,50,350,1
2023-07-08,Libros,1,20,20,7
2023-04-24,Ropa,7,50,350,4
2023-06-17,Ropa,9,50,450,6
2023-07-22,Libros,5,20,100,7
2023-03-29,Libros,8,20,160,3
2023-02-26,Electrónic,1,200,200,2
2023-02-16,Electrónic,1,200,200,2
2023-06-04,Juguetes,8,30,240,6
2023-10-08,Ropa,3,50,150,10
2023-03-26,Ropa,10,50,500,3
2023-09-07,Libros,5,20,100,9
2023-01-31,Alimentos,8,10,80,1
2023-01-12,Juguetes,9,30,270,1
2023-12-15,Electrónic,9,200,1800,12
2023-03-28,Libros,6,20,120,3
2023-06-21,Electrónic,7,200,1400,6
2023-07-02,Electrónic,3,200,600,7
2023-08-25,Ropa,9,50,450,8
2023-04-01,Alimentos,5,10,50,4
2023-12-21,Electrónic,4,200,800,12
2023-04-05,Libros,5,20,100,4
2023-04-04,Electrónic,2,200,400,4
2023-08-07,Juguetes,4,30,120,8
2023-04-05,Juguetes,2,30,60,4
2023-02-05,Electrónic,6,200,1200,2
2023-03-15,Ropa,4,50,200,3
2023-01-12,Electrónic,10,200,2000,1
2023-10-18,Juguetes,2,30,60,10
2023-01-27,Ropa,3,50,150,1
2023-06-15,Libros,10,20,200,6
2023-06-18,Ropa,2,50,100,6
2023-01-07,Libros,2,20,40,1
2023-10-07,Electrónic,8,200,1600,10
2023-06-27,Alimentos,1,10,10,6
2023-03-09,Electrónic,7,200,1400,3
2023-10-04,Alimentos,2,10,20,10
2023-07-25,Ropa,9,50,450,7
2023-08-31,Alimentos,8,10,80,8
2023-02-01,Libros,1,20,20,2
2023-02-19,Libros,3,20,60,2
2023-07-10,Electrónic,5,200,1000,7
2023-05-15,Electrónic,5,200,1000,5
2023-10-13,Ropa,1,50,50,10
2023-08-18,Ropa,10,50,500,8
2023-09-19,Juguetes,9,30,270,9
2023-03-05,Ropa,8,50,400,3
2023-09-04,Electrónic,1,200,200,9
2023-06-05,Juguetes,8,30,240,6
2023-05-20,Ropa,5,50,250,5
2023-09-10,Ropa,10,50,500,9
2023-03-12,Juguetes,10,30,300,3
2023-03-08,Alimentos,3,10,30,3
2023-12-12,Libros,10,20,200,12
2023-10-07,Juguetes,1,30,30,10
2023-01-27,Electrónic,4,200,800,1
2023-01-14,Libros,2,20,40,1
2023-07-12,Ropa,5,50,250,7
2023-11-20,Ropa,1,50,50,11
2023-08-10,Libros,7,20,140,8
2023-04-20,Juguetes,9,30,270,4
2023-01-10,Electrónic,8,200,1600,1
2023-04-16,Juguetes,5,30,150,4
2023-06-12,Alimentos,8,10,80,6
2023-01-27,Ropa,10,50,500,1
2023-05-08,Electrónic,3,200,600,5
2023-12-19,Libros,10,20,200,12
2023-08-28,Ropa,8,50,400,8
2023-03-19,Alimentos,7,10,70,3
2023-01-26,Ropa,7,50,350,1
2023-03-05,Libros,6,20,120,3
2023-09-06,Ropa,3,50,150,9
2023-07-29,Ropa,1,50,50,7
2023-04-27,Alimentos,1,10,10,4
2023-06-08,Juguetes,4,30,120,6
2023-09-17,Electrónic,3,200,600,9
2023-09-02,Alimentos,1,10,10,9
2023-02-07,Alimentos,7,10,70,2
2023-04-25,Electrónic,2,200,400,4
2023-04-20,Ropa,1,50,50,4
2023-03-14,Juguetes,7,30,210,3
2023-08-28,Alimentos,2,10,20,8
2023-12-05,Libros,4,20,80,12
2023-04-20,Juguetes,3,30,90,4
2023-02-17,Electrónic,4,200,800,2
2023-06-17,Libros,2,20,40,6
2023-07-04,Electrónic,2,200,400,7
2023-10-08,Ropa,3,50,150,10
2023-01-19,Juguetes,6,30,180,1
2023-05-01,Libros,8,20,160,5
2023-09-13,Ropa,9,50,450,9
2023-10-04,Ropa,5,50,250,10
2023-07-29,Libros,4,20,80,7
2023-01-05,Ropa,9,50,450,1
2023-07-17,Alimentos,3,10,30,7
2023-07-09,Libros,4,20,80,7
2023-02-04,Alimentos,6,10,60,2
2023-03-09,Ropa,3,50,150,3
2023-06-18,Ropa,3,50,150,6
2023-05-22,Alimentos,9,10,90,5
2023-07-19,Ropa,1,50,50,7
2023-11-21,Ropa,8,50,400,11
2023-08-22,Electrónic,8,200,1600,8
2023-05-03,Ropa,4,50,200,5
2023-03-02,Libros,2,20,40,3
2023-03-21,Juguetes,10,30,300,3
2023-03-29,Ropa,4,50,200,3
2023-09-13,Juguetes,4,30,120,9
2023-05-06,Electrónic,1,200,200,5
2023-10-01,Libros,5,20,100,10
2023-08-31,Alimentos,9,10,90,8
2023-06-12,Juguetes,8,30,240,6
2023-01-25,Libros,1,20,20,1
2023-07-01,Ropa,5,50,250,7
2023-03-28,Libros,4,20,80,3
2023-06-21,Electrónic,8,200,1600,6
2023-07-15,Juguetes,3,30,90,7
2023-02-28,Libros,1,20,20,2
2023-06-14,Alimentos,7,10,70,6
2023-11-15,Libros,1,20,20,11
2023-08-07,Alimentos,5,10,50,8
2023-08-19,Ropa,9,50,450,8
2023-01-21,Alimentos,1,10,10,1
2023-06-29,Ropa,10,50,500,6
2023-01-19,Ropa,3,50,150,1
2023-11-04,Libros,5,20,100,11
2023-05-12,Electrónic,5,200,1000,5
2023-05-29,Libros,2,20,40,5
2023-08-14,Juguetes,9,30,270,8
2023-02-25,Ropa,8,50,400,2
2023-04-19,Electrónic,3,200,600,4
2023-10-08,Juguetes,6,30,180,10
2023-11-25,Juguetes,1,30,30,11
2023-05-10,Alimentos,8,10,80,5
2023-08-07,Ropa,6,50,300,8
2023-12-05,Libros,10,20,200,12
2023-09-08,Libros,3,20,60,9
2023-05-08,Alimentos,4,10,40,5
2023-04-17,Juguetes,5,30,150,4
2023-02-04,Libros,2,20,40,2
2023-12-30,Ropa,7,50,350,12
2023-06-28,Libros,2,20,40,6
2023-04-25,Alimentos,9,10,90,4
2023-04-11,Juguetes,4,30,120,4
2023-10-04,Libros,4,20,80,10
2023-05-08,Alimentos,4,10,40,5
2023-06-19,Alimentos,3,10,30,6
2023-04-20,Alimentos,3,10,30,4
2023-02-19,Libros,1,20,20,2
2023-12-16,Libros,10,20,200,12
2023-03-31,Alimentos,4,10,40,3
2023-10-11,Ropa,10,50,500,10
2023-10-22,Juguetes,1,30,30,10
2023-10-01,Ropa,2,50,100,10
2023-04-10,Ropa,4,50,200,4
2023-04-28,Alimentos,4,10,40,4
2023-08-15,Electrónic,1,200,200,8
2023-11-22,Alimentos,9,10,90,11
2023-05-09,Libros,4,20,80,5
2023-07-08,Ropa,5,50,250,7
2023-08-21,Alimentos,8,10,80,8
2023-01-01,Libros,8,20,160,1
2023-04-01,Ropa,10,50,500,4
2023-08-08,Alimentos,3,10,30,8
2023-10-06,Ropa,1,50,50,10
2023-12-27,Electrónic,8,200,1600,12
2023-07-31,Ropa,8,50,400,7
2023-12-18,Alimentos,9,10,90,12
2023-12-26,Ropa,7,50,350,12
2023-01-27,Juguetes,8,30,240,1
2023-01-03,Juguetes,8,30,240,1
2023-04-21,Alimentos,3,10,30,4
2023-11-20,Alimentos,2,10,20,11
2023-03-26,Juguetes,5,30,150,3
2023-02-09,Juguetes,10,30,300,2
2023-05-14,Electrónic,2,200,400,5
2023-11-17,Ropa,2,50,100,11
2023-10-22,Juguetes,10,30,300,10
2023-12-09,Alimentos,4,10,40,12
2023-11-03,Juguetes,3,30,90,11
2023-12-10,Alimentos,4,10,40,12
2023-07-15,Electrónic,2,200,400,7
2023-12-21,Electrónic,6,200,1200,12
2023-11-05,Juguetes,4,30,120,11
2023-10-15,Ropa,8,50,400,10
2023-01-03,Electrónic,9,200,1800,1
2023-02-14,Libros,3,20,60,2
2023-11-21,Ropa,6,50,300,11
2023-03-06,Ropa,3,50,150,3
2023-07-12,Libros,7,20,140,7
2023-07-20,Alimentos,1,10,10,7
2023-03-27,Alimentos,8,10,80,3
2023-06-25,Alimentos,6,10,60,6
2023-09-20,Juguetes,5,30,150,9
2023-10-09,Electrónic,3,200,600,10
2023-10-01,Electrónic,9,200,1800,10
2023-05-24,Juguetes,4,30,120,5
2023-10-21,Alimentos,1,10,10,10
2023-12-20,Ropa,5,50,250,12
2023-11-01,Alimentos,4,10,40,11
2023-04-20,Juguetes,10,30,300,4
2023-04-01,Alimentos,4,10,40,4
2023-08-19,Libros,10,20,200,8
2023-04-04,Libros,8,20,160,4
2023-11-09,Ropa,4,50,200,11
2023-09-25,Ropa,6,50,300,9
2023-04-26,Libros,7,20,140,4
2023-11-04,Ropa,9,50,450,11
2023-11-22,Juguetes,7,30,210,11
2023-04-18,Alimentos,10,10,100,4
2023-08-23,Electrónic,5,200,1000,8
2023-04-30,Electrónic,2,200,400,4
2023-04-13,Ropa,7,50,350,4
2023-03-15,Electrónic,9,200,1800,3
2023-06-09,Juguetes,9,30,270,6
2023-04-10,Libros,9,20,180,4
2023-10-09,Libros,6,20,120,10
2023-08-30,Ropa,7,50,350,8
2023-06-23,Juguetes,1,30,30,6
2023-07-29,Juguetes,2,30,60,7
2023-09-19,Alimentos,10,10,100,9
2023-08-29,Juguetes,10,30,300,8
2023-03-05,Alimentos,6,10,60,3
2023-10-16,Juguetes,10,30,300,10
2023-05-17,Libros,10,20,200,5
2023-01-25,Electrónic,7,200,1400,1
2023-10-29,Libros,6,20,120,10
2023-08-04,Ropa,8,50,400,8
2023-01-28,Juguetes,1,30,30,1
2023-08-27,Alimentos,10,10,100,8
2023-06-27,Juguetes,1,30,30,6
2023-03-10,Juguetes,9,30,270,3
2023-04-13,Libros,9,20,180,4
2023-10-31,Ropa,2,50,100,10
2023-09-13,Libros,1,20,20,9
2023-10-29,Ropa,6,50,300,10
2023-09-28,Alimentos,9,10,90,9
2023-08-30,Alimentos,5,10,50,8
2023-01-08,Alimentos,5,10,50,1
2023-08-05,Alimentos,2,10,20,8
2023-01-12,Juguetes,5,30,150,1
2023-04-11,Juguetes,4,30,120,4
2023-04-12,Juguetes,3,30,90,4
2023-08-11,Alimentos,6,10,60,8
2023-06-17,Alimentos,9,10,90,6
2023-09-11,Electrónic,7,200,1400,9
2023-08-08,Electrónic,8,200,1600,8
2023-01-18,Juguetes,3,30,90,1
2023-01-16,Libros,1,20,20,1
2023-10-05,Electrónic,1,200,200,10
2023-06-22,Alimentos,9,10,90,6
2023-01-12,Electrónic,7,200,1400,1
2023-12-16,Electrónic,5,200,1000,12
2023-08-03,Juguetes,3,30,90,8
2023-02-08,Libros,4,20,80,2
2023-10-19,Ropa,8,50,400,10
2023-09-10,Libros,4,20,80,9
2023-08-24,Libros,6,20,120,8
2023-02-28,Ropa,8,50,400,2
2023-12-23,Alimentos,10,10,100,12
2023-12-10,Alimentos,6,10,60,12
2023-12-30,Electrónic,4,200,800,12
2023-03-13,Libros,9,20,180,3
2023-09-05,Alimentos,10,10,100,9
2023-02-20,Alimentos,5,10,50,2
2023-11-28,Juguetes,7,30,210,11
2023-08-26,Libros,5,20,100,8
2023-03-05,Ropa,7,50,350,3
2023-03-12,Juguetes,7,30,210,3
2023-11-29,Alimentos,10,10,100,11
2023-04-03,Alimentos,1,10,10,4
2023-10-25,Alimentos,10,10,100,10
2023-02-11,Juguetes,5,30,150,2
2023-05-21,Alimentos,8,10,80,5
2023-10-21,Electrónic,4,200,800,10
2023-02-19,Libros,3,20,60,2
2023-07-22,Juguetes,4,30,120,7
2023-08-03,Juguetes,6,30,180,8
2023-10-11,Juguetes,7,30,210,10
2023-02-21,Electrónic,9,200,1800,2
2023-03-11,Alimentos,8,10,80,3
2023-10-04,Juguetes,3,30,90,10
2023-10-26,Juguetes,10,30,300,10
2023-05-17,Alimentos,1,10,10,5
2023-11-03,Electrónic,9,200,1800,11
2023-04-14,Juguetes,9,30,270,4
2023-05-01,Libros,4,20,80,5
2023-11-26,Alimentos,1,10,10,11
2023-10-11,Ropa,5,50,250,10
2023-08-21,Ropa,2,50,100,8
2023-05-11,Alimentos,7,10,70,5
2023-07-20,Libros,5,20,100,7
2023-06-23,Electrónic,3,200,600,6
2023-08-29,Juguetes,7,30,210,8
2023-03-13,Ropa,4,50,200,3
2023-05-16,Juguetes,5,30,150,5
2023-06-15,Juguetes,1,30,30,6
2023-10-09,Electrónic,4,200,800,10
2023-08-25,Ropa,7,50,350,8
2023-06-30,Juguetes,3,30,90,6
2023-04-07,Juguetes,5,30,150,4
2023-10-23,Alimentos,4,10,40,10
2023-11-30,Alimentos,2,10,20,11
2023-04-26,Alimentos,6,10,60,4
2023-01-04,Ropa,6,50,300,1
2023-08-14,Ropa,1,50,50,8
2023-01-16,Alimentos,5,10,50,1
2023-09-24,Alimentos,2,10,20,9
2023-01-08,Electrónic,2,200,400,1
2023-08-14,Ropa,4,50,200,8
2023-05-14,Electrónic,9,200,1800,5
2023-01-03,Alimentos,8,10,80,1
2023-03-30,Libros,4,20,80,3
2023-01-24,Electrónic,8,200,1600,1
2023-09-11,Electrónic,3,200,600,9
2023-08-31,Libros,8,20,160,8
2023-07-15,Electrónic,6,200,1200,7
2023-01-27,Juguetes,3,30,90,1
2023-09-12,Ropa,8,50,400,9
2023-09-27,Alimentos,1,10,10,9
2023-08-10,Alimentos,7,10,70,8
2023-03-02,Juguetes,10,30,300,3
2023-01-27,Alimentos,9,10,90,1
2023-03-03,Libros,3,20,60,3
2023-03-20,Juguetes,6,30,180,3
2023-02-06,Juguetes,2,30,60,2
2023-03-22,Libros,5,20,100,3
2023-11-08,Electrónic,4,200,800,11
2023-01-23,Ropa,7,50,350,1
2023-02-17,Electrónic,7,200,1400,2
2023-11-16,Ropa,10,50,500,11
2023-09-20,Libros,9,20,180,9
2023-10-17,Ropa,2,50,100,10
2023-07-21,Libros,2,20,40,7
2023-06-16,Alimentos,4,10,40,6
2023-09-27,Alimentos,8,10,80,9
2023-06-05,Alimentos,3,10,30,6
2023-02-13,Libros,10,20,200,2
2023-04-05,Ropa,10,50,500,4
2023-01-03,Ropa,5,50,250,1
2023-12-31,Libros,8,20,160,12
2023-05-04,Alimentos,4,10,40,5
2023-03-29,Electrónic,3,200,600,3
2023-02-24,Ropa,7,50,350,2
2023-05-14,Ropa,5,50,250,5
2023-02-02,Alimentos,7,10,70,2
2023-01-11,Electrónic,5,200,1000,1
2023-01-07,Juguetes,4,30,120,1
2023-06-29,Libros,4,20,80,6
2023-07-16,Libros,5,20,100,7
2023-02-13,Ropa,2,50,100,2
2023-12-19,Alimentos,3,10,30,12
2023-03-18,Libros,6,20,120,3
2023-02-28,Libros,1,20,20,2
2023-04-07,Libros,1,20,20,4
2023-08-31,Alimentos,7,10,70,8
2023-05-30,Ropa,8,50,400,5
2023-07-16,Ropa,9,50,450,7
2023-07-03,Libros,5,20,100,7
2023-03-26,Juguetes,7,30,210,3
2023-01-11,Alimentos,6,10,60,1
2023-12-03,Electrónic,5,200,1000,12
2023-03-30,Alimentos,10,10,100,3
2023-04-14,Libros,2,20,40,4
2023-04-29,Alimentos,4,10,40,4
2023-02-05,Alimentos,4,10,40,2
2023-12-07,Alimentos,9,10,90,12
2023-11-20,Electrónic,9,200,1800,11
2023-12-29,Juguetes,9,30,270,12
2023-07-08,Juguetes,2,30,60,7
2023-06-09,Juguetes,7,30,210,6
2023-10-07,Juguetes,5,30,150,10
2023-11-29,Ropa,5,50,250,11
2023-03-23,Electrónic,3,200,600,3
2023-03-27,Juguetes,7,30,210,3
2023-03-23,Electrónic,1,200,200,3
2023-01-01,Alimentos,2,10,20,1
2023-03-04,Electrónic,4,200,800,3
2023-07-19,Ropa,1,50,50,7
2023-12-26,Electrónic,6,200,1200,12
2023-09-28,Libros,8,20,160,9
2023-12-13,Electrónic,2,200,400,12
2023-05-25,Alimentos,8,10,80,5
2023-05-11,Libros,9,20,180,5
2023-08-12,Juguetes,5,30,150,8
2023-10-31,Alimentos,8,10,80,10
2023-09-05,Libros,5,20,100,9
2023-04-07,Juguetes,6,30,180,4
2023-04-20,Juguetes,3,30,90,4
2023-06-22,Electrónic,7,200,1400,6
2023-08-14,Ropa,4,50,200,8
2023-06-14,Ropa,5,50,250,6
2023-10-14,Libros,1,20,20,10
2023-02-09,Electrónic,2,200,400,2
2023-06-08,Libros,3,20,60,6
2023-07-10,Juguetes,5,30,150,7
2023-12-17,Libros,9,20,180,12
2023-08-29,Alimentos,9,10,90,8
2023-08-20,Alimentos,2,10,20,8
2023-12-20,Ropa,9,50,450,12
2023-01-08,Ropa,7,50,350,1
2023-08-19,Alimentos,2,10,20,8
2023-05-26,Libros,3,20,60,5
2023-02-09,Electrónic,1,200,200,2
2023-08-06,Libros,9,20,180,8
2023-02-28,Electrónic,9,200,1800,2
2023-02-14,Electrónic,8,200,1600,2
2023-02-25,Libros,8,20,160,2
2023-09-14,Alimentos,4,10,40,9
2023-01-28,Ropa,8,50,400,1
2023-01-27,Electrónic,4,200,800,1
2023-08-23,Libros,8,20,160,8
2023-09-24,Juguetes,4,30,120,9
2023-05-12,Alimentos,9,10,90,5
2023-05-06,Juguetes,9,30,270,5
2023-05-07,Electrónic,8,200,1600,5
2023-07-23,Alimentos,2,10,20,7
2023-05-23,Alimentos,4,10,40,5
2023-05-04,Alimentos,7,10,70,5
2023-08-24,Ropa,6,50,300,8
2023-04-09,Electrónic,10,200,2000,4
2023-01-05,Electrónic,2,200,400,1
2023-06-07,Libros,9,20,180,6
2023-01-10,Alimentos,2,10,20,1
2023-08-10,Libros,6,20,120,8
2023-08-30,Ropa,3,50,150,8
2023-01-23,Libros,5,20,100,1
2023-06-15,Juguetes,5,30,150,6
2023-01-24,Libros,7,20,140,1
2023-12-02,Libros,5,20,100,12
2023-09-27,Ropa,6,50,300,9
2023-08-26,Juguetes,2,30,60,8
2023-05-06,Libros,7,20,140,5
2023-12-06,Alimentos,10,10,100,12
2023-09-11,Alimentos,6,10,60,9
2023-01-31,Ropa,4,50,200,1
2023-03-22,Libros,1,20,20,3
2023-08-12,Alimentos,9,10,90,8
2023-10-29,Juguetes,4,30,120,10
2023-04-27,Alimentos,2,10,20,4
2023-06-09,Ropa,10,50,500,6
2023-08-21,Alimentos,8,10,80,8
2023-03-28,Electrónic,6,200,1200,3
2023-03-07,Electrónic,4,200,800,3
2023-08-25,Electrónic,5,200,1000,8
2023-08-14,Alimentos,9,10,90,8
2023-08-30,Ropa,6,50,300,8
2023-11-09,Alimentos,2,10,20,11
2023-10-26,Ropa,8,50,400,10
2023-12-01,Juguetes,2,30,60,12
2023-05-16,Electrónic,4,200,800,5
2023-02-09,Libros,1,20,20,2
2023-01-09,Electrónic,2,200,400,1
2023-05-03,Electrónic,6,200,1200,5
2023-11-30,Electrónic,5,200,1000,11
2023-10-26,Electrónic,1,200,200,10
2023-08-22,Juguetes,3,30,90,8
2023-06-05,Electrónic,1,200,200,6
2023-10-02,Juguetes,6,30,180,10
2023-01-25,Electrónic,3,200,600,1
2023-05-20,Ropa,4,50,200,5
2023-04-29,Alimentos,8,10,80,4
2023-12-20,Ropa,2,50,100,12
2023-04-10,Ropa,8,50,400,4
2023-05-19,Juguetes,5,30,150,5
2023-02-03,Electrónic,4,200,800,2
2023-03-04,Ropa,5,50,250,3
2023-11-12,Juguetes,7,30,210,11
2023-05-22,Libros,7,20,140,5
2023-11-19,Ropa,4,50,200,11
2023-07-31,Alimentos,6,10,60,7
2023-10-11,Ropa,6,50,300,10
2023-12-09,Juguetes,4,30,120,12
2023-03-06,Libros,9,20,180,3
2023-03-27,Alimentos,1,10,10,3
2023-04-23,Ropa,9,50,450,4
2023-05-26,Electrónic,6,200,1200,5
2023-01-20,Juguetes,5,30,150,1
2023-03-22,Alimentos,9,10,90,3
2023-02-26,Libros,9,20,180,2
2023-07-30,Juguetes,1,30,30,7
2023-11-18,Ropa,3,50,150,11
2023-06-20,Libros,8,20,160,6
2023-06-06,Libros,3,20,60,6
2023-05-02,Alimentos,5,10,50,5
2023-08-07,Electrónic,9,200,1800,8
2023-11-18,Juguetes,8,30,240,11
2023-01-17,Juguetes,8,30,240,1
2023-10-10,Libros,6,20,120,10
2023-09-11,Juguetes,10,30,300,9
2023-01-03,Juguetes,10,30,300,1
2023-11-07,Alimentos,3,10,30,11
2023-08-20,Electrónic,6,200,1200,8
2023-07-21,Juguetes,3,30,90,7
