order_id,product_id,quantity,unit_price
O200000,P1095,5,65.26
O200000,P1086,1,17.29
O200001,P1042,1,46.87
O200001,P1026,2,14.89
O200002,P1026,1,13.8
O200003,P1019,1,17.84
O200004,P1053,1,43.16
O200005,P1079,4,12.23
O200006,P1098,2,35.06
O200007,P1025,3,20.55
O200008,P1037,2,16.35
O200009,P1065,1,351.98
O200010,P1010,1,44.15
O200011,P1011,1,13.46
O200011,P1012,1,80.35
O200011,P1025,2,18.92
O200012,P1042,2,45.68
O200013,P1100,1,12.97
O200013,P1101,2,24.86
O200014,P1026,5,13.11
O200014,P1002,1,12.07
O200015,P1027,2,12.43
O200015,P1082,1,25.79
O200016,P1111,4,26.02
O200016,P1055,2,12.0
O200016,P1081,1,63.36
O200016,P1113,2,17.95
O200017,P1052,2,13.73
O200018,P1059,3,77.75
O200018,P1008,3,18.95
O200018,P1019,1,16.27
O200019,P1112,1,52.68
O200019,P1039,5,44.89
O200019,P1057,5,55.67
O200019,P1049,1,11.65
O200020,P1006,3,31.79
O200020,P1036,1,50.26
O200020,P1093,1,36.74
O200021,P1040,1,24.98
O200022,P1088,1,24.38
O200023,P1110,2,9.46
O200024,P1064,2,36.68
O200024,P1118,1,2.75
O200025,P1045,1,8.56
O200025,P1030,1,30.69
O200026,P1019,3,18.56
O200027,P1020,1,55.09
O200027,P1065,1,295.19
O200028,P1100,1,12.18
O200028,P1096,2,18.31
O200029,P1001,2,45.21
O200030,P1113,4,19.71
O200030,P1095,1,66.72
O200030,P1104,1,141.4
O200031,P1017,2,56.1
O200031,P1075,1,31.25
O200031,P1108,1,165.58
O200032,P1043,4,31.73
O200033,P1096,1,17.29
O200033,P1043,1,28.48
O200034,P1079,1,11.54
O200035,P1009,1,43.42
O200035,P1010,4,38.74
O200036,P1086,1,18.01
O200036,P1070,1,26.25
O200036,P1102,2,22.46
O200036,P1031,1,55.21
O200037,P1077,6,8.4
O200037,P1091,1,33.68
O200037,P1043,5,34.72
O200038,P1089,1,48.18
O200039,P1068,2,49.49
O200040,P1036,6,50.68
O200041,P1033,2,69.02
O200041,P1093,3,
O200042,P1097,1,23.02
O200043,P1070,3,32.83
O200043,P1044,1,14.03
O200044,P1051,5,43.69
O200045,P1052,2,16.45
O200046,P1105,3,44.6
O200047,P1048,1,46.34
O200047,P1056,2,46.13
O200047,P1118,3,2.21
O200047,P1045,1,8.77
O200047,P1076,3,145.04
O200048,P1034,3,31.28
O200048,P1054,6,39.68
O200049,P1019,4,17.74
O200050,P1054,2,37.63
O200051,P1005,1,28.14
O200051,P1077,4,10.1
O200052,P1117,6,23.02
O200053,P1084,3,16.26
O200053,P1073,4,24.92
O200054,P1111,1,23.81
O200054,P1003,3,38.13
O200054,P1058,2,49.39
O200055,P1103,4,24.98
O200055,P1104,1,121.21
O200056,P1116,1,12.82
O200056,P1101,2,21.11
O200057,P1045,3,9.59
O200057,P1041,2,64.45
O200058,P1096,1,20.21
O200058,P1066,1,50.97
O200058,P1082,1,26.35
O200058,P1067,1,48.42
O200059,P1008,2,17.29
O200059,P1038,3,10.19
O200059,P1064,2,40.86
O200059,P1000,1,33.84
O200060,P1015,2,54.31
O200060,P1110,1,9.26
O200061,P1093,2,35.77
O200062,P1054,1,37.56
O200062,P1043,1,30.86
O200063,P1091,3,33.29
O200064,P1052,1,13.08
O200064,P1071,1,49.57
O200065,P1015,1,55.47
O200065,P1062,1,42.29
O200066,P1113,5,20.08
O200067,P1100,3,12.6
O200068,P1059,1,82.44
O200068,P1047,4,56.29
O200069,P1000,1,27.45
O200069,P1009,2,41.66
O200069,P1116,2,13.5
O200070,P1041,4,54.99
O200070,P1119,3,17.56
O200071,P1068,1,57.15
O200071,P1009,1,36.1
O200072,P1037,1,14.01
O200073,P1039,1,48.62
O200073,P1110,4,8.91
O200074,P1116,3,12.17
O200075,P1019,3,15.72
O200075,P1049,2,12.35
O200076,P1119,1,17.56
O200077,P1060,3,11.53
O200077,P1099,4,59.7
O200078,P1045,3,9.01
O200079,P1063,1,46.69
O200080,P1076,1,157.05
O200080,P1110,1,9.13
O200080,P1117,3,24.59
O200080,P1009,1,40.85
O200081,P1107,1,48.97
O200082,P1044,3,12.9
O200083,P1047,1,56.54
O200083,P1102,2,24.8
O200084,P1003,2,37.95
O200084,P1011,1,14.09
O200084,P1093,1,35.49
O200085,P1085,3,53.82
O200086,P1071,1,54.83
O200086,P1010,6,37.28
O200086,P1058,2,48.96
O200087,P1088,1,23.62
O200087,P1008,1,17.38
O200087,P1020,1,59.46
O200088,P1070,1,28.5
O200089,P1033,2,71.15
O200090,P1044,1,15.38
O200091,P1115,4,46.83
O200091,P1102,3,25.48
O200091,P1074,1,18.71
O200092,P1083,1,15.63
O200093,P1097,3,20.84
O200094,P1029,1,28.94
O200094,P1005,2,27.07
O200095,P1071,2,53.64
O200095,P1022,1,71.26
O200096,P1007,4,35.77
O200097,P1025,5,21.46
O200097,P1081,2,61.66
O200098,P1060,1,10.59
O200099,P1083,2,14.01
O200100,P1112,1,56.08
O200100,P1072,1,19.02
O200101,P1110,1,9.1
O200101,P1104,1,136.84
O200101,P1021,3,38.66
O200101,P1017,2,48.71
O200102,P1034,1,26.47
O200103,P1113,1,18.86
O200103,P1039,1,40.95
O200103,P1052,1,13.15
O200104,P1059,1,69.01
O200104,P1031,3,51.36
O200105,P1061,5,20.07
O200106,P1013,1,43.08
O200106,P1037,2,15.66
O200107,P1038,4,12.09
O200108,P1107,1,40.31
O200108,P1034,2,30.09
O200108,P1050,1,11.59
O200108,P1103,2,22.29
O200108,P1004,2,50.32
O200109,P1017,1,59.46
O200109,P1018,1,70.57
O200109,P1056,3,44.16
O200110,P1114,1,31.93
O200111,P1075,1,31.47
O200112,P1118,1,2.5
O200113,P1081,1,57.73
O200114,P1001,1,51.26
O200115,P1093,3,38.01
O200116,P1011,1,14.18
O200116,P1058,1,45.36
O200117,P1103,2,25.3
O200118,P1033,2,81.59
O200118,P1111,4,25.81
O200118,P1118,2,2.24
O200119,P1044,2,16.3
O200119,P1026,3,13.3
O200119,P1084,5,19.37
O200120,P1070,2,32.15
O200120,P1021,1,38.31
O200121,P1095,1,68.21
O200121,P1035,1,155.31
O200121,P1002,3,11.86
O200122,P1003,1,40.5
O200123,P1083,1,15.11
O200124,P1007,2,35.31
O200124,P1045,2,9.78
O200125,P1056,1,47.02
O200125,P1091,2,39.73
O200126,P1031,1,55.2
O200126,P1005,1,25.88
O200127,P1109,1,61.88
O200127,P1050,2,10.12
O200127,P1105,1,39.73
O200127,P1106,2,10.82
O200128,P1106,1,12.41
O200128,P1086,1,16.15
O200128,P1059,1,77.94
O200128,P1068,2,56.07
O200129,P1037,1,16.46
O200129,P1070,1,27.54
O200130,P1007,1,39.74
O200130,P1071,1,53.2
O200130,P1099,1,74.6
O200131,P1027,1,11.75
O200132,P1082,1,21.54
O200133,P1089,6,48.89
O200133,P1004,1,44.94
O200133,P1018,2,63.1
O200134,P1052,1,14.61
O200135,P1090,4,124.69
O200136,P1085,4,62.03
O200137,P1115,2,56.47
O200137,P1095,2,63.3
O200138,P1079,1,10.3
O200139,P1021,4,42.65
O200139,P1096,3,21.06
O200140,P1019,1,16.48
O200141,P1116,1,11.23
O200142,P1083,2,13.73
O200143,P1118,3,2.44
O200144,P1047,3,58.37
O200144,P1066,3,59.69
O200144,P1083,1,14.18
O200145,P1059,2,83.02
O200146,P1058,1,47.11
O200147,P1074,2,17.42
O200147,P1061,1,17.59
O200148,P1048,3,48.35
O200148,P1072,1,17.16
O200149,P1000,1,29.65
O200150,P1104,3,133.17
O200151,P1005,1,31.05
O200151,P1050,5,10.3
O200151,P1026,6,12.54
O200151,P1028,1,19.89
O200151,P1045,2,8.51
O200152,P1052,4,16.09
O200152,P1048,2,41.04
O200153,P1023,5,110.55
O200154,P1033,1,68.63
O200154,P1000,2,28.74
O200155,P1048,4,47.04
O200156,P1118,6,2.7
O200157,P1091,4,39.23
O200157,P1040,1,27.54
O200158,P1085,5,59.16
O200158,P1037,1,14.35
O200158,P1050,1,10.35
O200159,P1073,6,27.05
O200160,P1100,1,10.97
O200160,P1116,4,10.92
O200160,P1041,1,61.67
O200161,P1081,2,56.3
O200162,P1069,3,53.24
O200163,P1031,1,53.58
O200164,P1001,2,46.22
O200165,P1101,3,23.0
O200165,P1052,6,15.57
O200165,P1014,2,9.54
O200165,P1098,2,32.28
O200166,P1026,2,14.76
O200166,P1044,2,15.32
O200167,P1042,1,45.03
O200168,P1078,1,50.61
O200168,P1076,4,176.32
O200168,P1024,1,30.7
O200168,P1071,1,47.85
O200169,P1077,1,9.74
O200169,P1020,4,55.91
O200169,P1079,2,12.43
O200170,P1082,1,21.75
O200170,P1023,2,118.72
O200170,P1044,4,16.28
O200171,P1079,1,11.81
O200171,P1069,2,52.68
O200171,P1016,1,16.86
O200171,P1001,2,43.92
O200172,P1106,2,12.15
O200173,P1071,4,58.91
O200173,P1096,2,19.26
O200173,P1021,2,44.31
O200174,P1078,1,50.67
O200174,P1046,1,21.91
O200175,P1053,2,37.97
O200175,P1071,1,49.4
O200175,P1021,4,38.82
O200176,P1028,1,22.6
O200176,P1106,1,10.15
O200176,P1022,1,56.87
O200177,P1070,4,26.1
O200178,P1074,5,18.85
O200178,P1029,1,29.96
O200178,P1021,1,37.75
O200179,P1009,2,42.61
O200180,P1035,3,134.55
O200181,P1095,3,68.38
O200182,P1117,1,22.35
O200182,P1118,1,2.29
O200182,P1022,1,66.19
O200182,P1076,1,152.78
O200183,P1091,1,36.03
O200184,P1071,1,48.99
O200184,P1080,3,17.23
O200185,P1045,3,8.48
O200186,P1083,1,13.97
O200186,P1119,3,14.27
O200186,P1053,6,37.58
O200186,P1084,1,17.24
O200187,P1070,4,29.03
O200188,P1035,1,137.81
O200188,P1109,3,65.17
O200188,P1102,2,27.86
O200189,P1026,1,15.07
O200189,P1033,3,78.21
O200189,P1073,3,24.51
O200190,P1095,5,54.93
O200191,P1014,2,11.1
O200192,P1015,1,53.25
O200192,P1080,1,14.99
O200192,P1043,1,30.31
O200193,P1082,4,25.49
O200193,P1002,3,13.14
O200193,P1009,1,37.89
O200193,P1021,1,40.91
O200194,P1057,4,47.72
O200194,P1080,2,17.82
O200194,P1082,4,27.31
O200195,P1000,1,31.98
O200196,P1036,6,47.3
O200196,P1059,1,77.41
O200196,P1049,1,12.42
O200197,P1021,3,40.0
O200198,P1102,2,22.95
O200198,P1106,5,10.75
O200199,P1098,1,31.53
O200199,P1109,1,59.06
O200199,P1028,1,22.7
O200200,P1110,1,8.81
O200201,P1033,1,66.19
O200201,P1000,1,32.11
O200201,P1089,4,51.89
O200202,P1066,1,47.01
O200202,P1000,1,28.27
O200203,P1073,5,27.37
O200203,P1030,3,26.22
O200203,P1048,1,40.34
O200203,P1010,1,37.12
O200204,P1078,1,53.49
O200205,P1072,1,20.51
O200206,P1111,1,26.93
O200206,P1107,1,45.76
O200206,P1013,3,47.0
O200207,P1103,1,25.52
O200208,P1007,1,37.93
O200209,P1011,3,15.12
O200209,P1001,4,50.4
O200209,P1092,3,5.49
O200209,P1041,1,58.97
O200209,P1019,1,16.18
O200210,P1029,1,25.92
O200211,P1105,1,45.02
O200211,P1051,3,42.72
O200211,P1033,4,81.58
O200211,P1080,2,17.32
O200211,P1087,2,26.25
O200212,P1033,4,67.55
O200213,P1098,1,31.63
O200214,P1081,1,58.95
O200214,P1049,3,12.47
O200214,P1017,1,58.8
O200215,P1036,3,47.13
O200215,P1102,1,27.2
O200216,P1017,1,52.19
O200216,P1053,3,41.99
O200217,P1118,1,2.24
O200217,P1003,3,39.08
O200218,P1068,1,56.0
O200218,P1032,1,24.77
O200218,P1077,2,9.27
O200219,P1064,2,38.19
O200220,P1118,4,2.42
O200221,P1031,1,50.94
O200222,P1076,1,146.37
O200222,P1014,1,9.39
O200223,P1069,4,
O200224,P1032,1,25.87
O200225,P1113,3,17.89
O200225,P1067,2,50.74
O200226,P1091,2,40.56
O200227,P1097,1,24.01
O200228,P1024,1,30.99
O200228,P1108,1,169.1
O200229,P1010,2,39.58
O200230,P1106,2,12.74
O200230,P1061,6,16.45
O200230,P1054,1,35.06
O200231,P1031,1,60.78
O200231,P1034,1,29.33
O200232,P1015,1,55.51
O200233,P1096,2,21.25
O200233,P1080,1,16.24
O200234,P1116,2,
O200235,P1064,4,45.6
O200235,P1081,1,66.32
O200235,P1018,3,71.39
O200236,P1100,3,11.48
O200236,P1087,1,26.86
O200236,P1076,2,180.74
O200236,P1034,1,32.61
O200236,P1003,1,34.79
O200237,P1105,1,44.98
O200237,P1018,1,63.29
O200238,P1012,3,78.08
O200238,P1087,1,30.71
O200239,P1060,2,11.36
O200240,P1079,1,10.85
O200241,P1049,3,13.23
O200241,P1078,1,61.58
O200241,P1093,2,32.65
O200242,P1062,1,40.28
O200243,P1072,1,17.37
O200244,P1086,4,16.85
O200245,P1025,3,20.53
O200245,P1082,3,22.0
O200246,P1116,2,13.19
O200247,P1062,3,34.6
O200247,P1107,1,45.15
O200247,P1010,3,44.5
O200247,P1004,2,43.63
O200248,P1057,4,44.13
O200249,P1056,1,39.41
O200250,P1027,1,14.94
O200250,P1025,1,22.19
O200251,P1040,1,25.62
O200252,P1078,1,56.16
O200252,P1039,3,45.03
O200253,P1072,5,18.25
O200254,P1044,1,13.55
O200255,P1000,1,32.38
O200256,P1113,1,17.29
O200256,P1032,1,23.55
O200256,P1042,1,42.84
O200256,P1099,3,63.53
O200257,P1070,2,29.13
O200257,P1045,1,9.47
O200258,P1024,1,34.38
O200258,P1083,1,14.19
O200258,P1066,1,53.16
O200259,P1100,1,13.01
O200260,P1026,1,13.76
O200260,P1068,2,57.82
O200261,P1020,1,57.34
O200261,P1061,2,17.51
O200262,P1072,1,16.79
O200262,P1076,1,178.76
O200262,P1018,1,67.68
O200262,P1012,1,93.64
O200263,P1038,1,11.25
O200263,P1045,1,8.66
O200263,P1074,1,20.68
O200264,P1045,1,9.73
O200264,P1031,5,53.61
O200264,P1036,2,51.31
O200265,P1015,1,44.1
O200266,P1050,3,11.88
O200266,P1014,1,9.41
O200267,P1112,2,63.48
O200267,P1010,2,36.08
O200268,P1003,4,41.14
O200268,P1059,2,66.3
O200268,P1058,1,46.27
O200268,P1080,1,15.22
O200269,P1094,1,16.29
O200270,P1013,3,41.08
O200271,P1034,1,31.54
O200272,P1031,1,60.75
O200273,P1079,1,10.21
O200274,P1042,5,50.83
O200274,P1090,2,145.53
O200274,P1078,1,55.96
O200275,P1090,4,147.54
O200275,P1073,2,25.39
O200276,P1070,2,32.68
O200276,P1074,2,17.85
O200276,P1032,4,25.66
O200277,P1095,1,68.82
O200277,P1063,2,46.68
O200277,P1106,1,10.87
O200278,P1085,1,60.44
O200279,P1036,2,54.89
O200279,P1001,1,51.39
O200280,P1103,1,24.38
O200281,P1109,1,60.96
O200281,P1036,2,49.39
O200281,P1032,2,21.97
O200281,P1041,2,59.88
O200282,P1038,2,11.76
O200283,P1067,3,48.68
O200284,P1002,2,10.65
O200285,P1102,1,27.68
O200285,P1086,1,17.86
O200286,P1108,6,160.91
O200287,P1066,1,51.72
O200288,P1027,4,13.72
O200288,P1064,5,39.61
O200288,P1095,1,63.25
O200289,P1097,1,23.15
O200289,P1104,2,136.73
O200289,P1030,1,28.19
O200290,P1110,2,8.93
O200291,P1077,1,7.94
O200291,P1071,1,58.86
O200292,P1096,1,16.76
O200292,P1001,3,49.59
O200292,P1010,1,37.65
O200293,P1099,3,73.37
O200294,P1097,2,24.55
O200294,P1014,5,10.59
O200294,P1060,3,11.23
O200295,P1003,2,37.11
O200296,P1027,3,14.71
O200296,P1000,1,30.86
O200297,P1032,1,25.71
O200297,P1061,3,17.98
O200298,P1091,2,32.95
O200298,P1016,2,19.86
O200299,P1025,3,23.45
O200299,P1043,2,30.43
O200299,P1027,1,12.46
O200300,P1084,2,17.79
O200301,P1115,4,50.27
O200302,P1092,4,5.77
O200302,P1017,1,47.55
O200303,P1065,3,368.05
O200303,P1111,3,27.35
O200303,P1007,2,45.12
O200304,P1030,1,30.2
O200305,P1096,3,18.27
O200305,P1018,1,57.06
O200305,P1073,1,26.33
O200306,P1104,3,116.73
O200307,P1033,2,69.86
O200308,P1098,2,36.91
O200308,P1044,1,14.29
O200308,P1076,1,172.14
O200309,P1032,1,26.43
O200310,P1112,1,64.01
O200310,P1070,1,29.74
O200311,P1001,2,55.32
O200312,P1088,1,22.92
O200313,P1056,1,47.68
O200313,P1086,1,15.75
O200314,P1087,1,28.51
O200314,P1004,3,51.2
O200315,P1022,2,72.27
O200316,P1103,1,23.78
O200317,P1058,4,46.71
O200318,P1095,2,61.13
O200318,P1033,3,66.6
O200319,P1028,1,25.52
O200319,P1090,4,146.92
O200319,P1078,1,55.21
O200319,P1041,2,52.36
O200320,P1003,2,36.56
O200320,P1107,1,43.17
O200320,P1025,1,19.71
O200321,P1083,2,13.11
O200322,P1059,2,72.29
O200323,P1017,1,54.92
O200323,P1035,4,148.78
O200323,P1100,2,11.98
O200323,P1091,1,36.05
O200324,P1045,1,9.67
O200324,P1104,2,
O200325,P1069,1,63.72
O200325,P1087,1,27.27
O200326,P1071,1,49.23
O200326,P1020,2,61.34
O200326,P1050,3,10.81
O200327,P1037,5,13.52
O200328,P1071,1,50.8
O200328,P1007,1,43.32
O200329,P1016,1,16.08
O200329,P1011,1,15.87
O200329,P1068,2,50.33
O200329,P1095,2,65.35
O200330,P1013,1,48.56
O200330,P1060,2,
O200331,P1000,2,33.6
O200332,P1016,2,19.91
O200333,P1002,1,12.09
O200334,P1034,2,26.46
O200334,P1013,1,41.44
O200334,P1073,2,24.98
O200335,P1073,2,21.9
O200336,P1074,4,19.86
O200337,P1064,1,41.39
O200337,P1052,2,16.65
O200337,P1118,1,2.82
O200337,P1053,1,37.71
O200338,P1086,1,15.11
O200339,P1047,2,68.46
O200340,P1104,1,134.44
O200341,P1022,1,71.11
O200342,P1069,1,53.87
O200343,P1027,1,14.08
O200343,P1114,1,30.35
O200343,P1099,1,71.76
O200343,P1052,1,14.3
O200344,P1030,3,32.6
O200344,P1085,3,61.77
O200344,P1054,3,34.44
O200345,P1070,4,27.2
O200345,P1047,1,70.5
O200346,P1017,3,54.72
O200347,P1029,4,27.6
O200347,P1055,1,11.62
O200348,P1053,1,39.23
O200349,P1080,1,15.19
O200350,P1035,1,141.78
O200350,P1004,1,46.94
O200350,P1096,2,19.21
O200350,P1085,1,57.58
O200351,P1009,4,41.95
O200352,P1088,2,22.24
O200353,P1027,2,14.3
O200353,P1005,2,26.51
O200354,P1022,2,64.93
O200354,P1019,1,19.22
O200355,P1055,2,11.6
O200356,P1070,1,25.73
O200357,P1079,5,10.58
O200358,P1082,1,26.42
O200358,P1035,3,134.17
O200359,P1101,3,20.82
O200360,P1117,3,25.22
O200361,P1054,1,38.18
O200361,P1107,1,46.73
O200362,P1116,3,12.91
O200362,P1062,2,38.1
O200362,P1115,1,56.28
O200363,P1090,1,
O200364,P1012,1,78.15
O200365,P1101,1,19.62
O200365,P1080,1,18.67
O200366,P1074,1,20.43
O200366,P1041,1,63.47
O200366,P1028,1,19.87
O200367,P1100,1,13.25
O200368,P1037,1,14.49
O200369,P1094,1,14.32
O200370,P1016,1,18.31
O200371,P1092,3,5.26
O200371,P1014,1,10.73
O200372,P1070,2,31.02
O200373,P1087,3,25.44
O200373,P1108,1,141.3
O200373,P1020,1,58.12
O200374,P1034,1,27.76
O200374,P1011,1,14.83
O200375,P1066,1,
O200375,P1009,1,40.4
O200376,P1042,1,49.56
O200377,P1081,2,61.6
O200377,P1094,1,13.96
O200378,P1103,6,24.93
O200379,P1108,1,161.23
O200379,P1028,2,21.48
O200379,P1112,1,60.83
O200379,P1089,1,42.19
O200380,P1086,1,15.44
O200380,P1005,3,28.66
O200380,P1033,3,81.38
O200380,P1106,2,11.83
O200380,P1050,1,12.39
O200381,P1054,3,39.87
O200382,P1024,2,33.71
O200383,P1089,2,52.82
O200384,P1072,4,17.41
O200384,P1010,1,37.44
O200385,P1070,1,31.77
O200385,P1031,1,57.99
O200386,P1118,1,2.65
O200386,P1005,1,26.51
O200386,P1102,1,26.28
O200387,P1062,1,36.96
O200387,P1081,3,57.97
O200387,P1048,1,38.96
O200388,P1042,1,41.73
O200389,P1096,1,19.6
O200389,P1077,2,8.38
O200390,P1068,1,59.68
O200390,P1091,1,40.24
O200391,P1032,1,22.03
O200391,P1056,3,42.03
O200392,P1094,1,14.4
O200392,P1106,3,11.55
O200393,P1074,1,20.45
O200393,P1060,1,12.56
O200394,P1047,4,67.87
O200394,P1030,3,28.69
O200395,P1014,1,9.78
O200395,P1119,1,14.82
O200396,P1083,3,16.19
O200396,P1021,2,36.93
O200397,P1043,1,33.26
O200397,P1015,1,43.16
O200398,P1082,2,25.38
O200398,P1051,1,42.46
O200399,P1113,1,19.08
O200399,P1078,1,61.32
O200400,P1072,1,19.74
O200400,P1068,1,50.28
O200401,P1019,1,17.11
O200402,P1072,1,20.53
O200403,P1012,3,83.96
O200404,P1064,1,42.37
O200404,P1101,1,22.09
O200405,P1082,2,23.79
O200405,P1065,4,296.23
O200406,P1026,1,12.32
O200406,P1119,1,16.17
O200406,P1049,3,12.1
O200406,P1011,1,14.11
O200406,P1054,1,33.21
O200407,P1092,1,5.18
O200408,P1100,2,12.13
O200409,P1107,4,49.24
O200410,P1102,4,24.03
O200411,P1050,4,11.91
O200411,P1013,1,45.62
O200411,P1021,2,36.35
O200412,P1083,5,12.63
O200413,P1005,1,31.88
O200413,P1097,2,23.61
O200414,P1008,3,20.09
O200414,P1041,2,53.47
O200415,P1088,2,27.06
O200415,P1010,5,36.71
O200416,P1022,1,59.81
O200416,P1044,1,15.14
O200416,P1034,2,25.63
O200417,P1012,4,92.81
O200418,P1026,4,13.8
O200419,P1096,1,21.12
O200419,P1110,2,9.17
O200419,P1010,4,43.95
O200419,P1038,1,12.54
O200420,P1074,2,17.03
O200420,P1100,1,13.27
O200420,P1094,1,14.13
O200421,P1077,3,8.69
O200422,P1065,1,313.61
O200423,P1015,2,53.86
O200424,P1116,4,12.86
O200425,P1103,1,24.21
O200425,P1067,4,55.97
O200425,P1044,4,14.7
O200425,P1077,2,8.66
O200425,P1008,2,20.54
O200426,P1038,1,12.92
O200426,P1003,3,37.17
O200427,P1012,5,79.86
O200428,P1013,2,47.16
O200428,P1049,1,11.46
O200428,P1090,5,157.59
O200429,P1076,3,172.07
O200429,P1039,1,45.4
O200430,P1004,1,42.6
O200431,P1053,3,39.26
O200431,P1013,3,44.95
O200431,P1050,3,9.99
O200431,P1005,1,27.59
O200432,P1036,2,47.77
O200432,P1010,3,36.1
O200432,P1113,4,17.16
O200433,P1098,1,31.7
O200433,P1044,1,15.03
O200433,P1039,5,48.81
O200434,P1009,2,44.55
O200434,P1082,6,27.53
O200435,P1109,2,60.64
O200435,P1022,1,61.51
O200435,P1094,1,13.24
O200436,P1002,1,13.01
O200437,P1113,3,18.67
O200437,P1030,4,27.52
O200438,P1114,4,30.85
O200438,P1118,1,2.33
O200438,P1000,1,30.13
O200438,P1116,4,12.36
O200438,P1005,3,32.19
O200439,P1010,1,37.31
O200440,P1003,1,40.58
O200440,P1054,5,32.59
O200440,P1118,3,2.8
O200441,P1093,3,33.3
O200441,P1053,1,41.72
O200442,P1060,4,10.09
O200443,P1014,1,10.97
O200443,P1018,1,64.71
O200443,P1004,1,46.17
O200444,P1116,1,13.56
O200445,P1038,2,11.9
O200445,P1080,1,17.89
O200446,P1105,3,49.02
O200447,P1009,2,38.33
O200447,P1072,1,18.81
O200447,P1015,2,51.4
O200447,P1078,1,53.57
O200448,P1100,6,12.46
O200449,P1114,2,33.16
O200450,P1092,1,6.25
O200451,P1071,3,46.73
O200451,P1112,4,57.46
O200451,P1116,3,11.49
O200451,P1078,1,55.63
O200452,P1064,1,41.7
O200452,P1062,2,38.43
O200453,P1018,1,67.19
O200453,P1011,1,14.99
O200453,P1101,3,24.06
O200454,P1065,4,319.28
O200454,P1070,4,26.7
O200455,P1020,2,55.17
O200455,P1067,1,51.15
O200456,P1033,2,84.45
O200457,P1014,2,10.83
O200457,P1105,3,50.09
O200458,P1068,4,55.39
O200459,P1107,5,48.47
O200459,P1006,2,32.84
O200459,P1050,1,10.58
O200459,P1041,1,64.44
O200459,P1086,1,15.12
O200460,P1040,1,30.46
O200460,P1031,1,54.17
O200460,P1028,1,20.8
O200461,P1020,1,62.44
O200462,P1101,2,22.1
O200463,P1068,1,56.58
O200463,P1012,2,97.39
O200463,P1020,6,60.25
O200464,P1112,2,65.79
O200465,P1029,1,27.41
O200466,P1031,3,64.0
O200467,P1043,1,29.02
O200467,P1109,1,60.68
O200468,P1064,1,35.96
O200468,P1026,2,13.13
O200468,P1081,3,71.65
O200469,P1031,3,64.74
O200470,P1055,2,13.77
O200471,P1059,4,69.38
O200471,P1039,1,49.78
O200472,P1098,1,30.79
O200472,P1052,1,15.76
O200472,P1109,1,59.71
O200473,P1032,5,21.15
O200474,P1102,2,26.41
O200475,P1025,1,22.55
O200475,P1092,1,6.19
O200475,P1015,1,55.45
O200475,P1041,1,51.9
O200476,P1011,2,14.97
O200476,P1119,1,14.09
O200476,P1052,1,15.41
O200476,P1013,1,40.75
O200477,P1003,3,40.81
O200477,P1034,4,31.69
O200477,P1069,1,57.3
O200477,P1062,1,34.23
O200477,P1100,1,10.86
O200478,P1019,6,16.96
O200478,P1114,1,33.81
O200478,P1062,3,38.91
O200479,P1069,1,63.55
O200480,P1023,2,108.97
O200481,P1093,3,36.59
O200482,P1000,1,31.01
O200483,P1053,3,42.88
O200483,P1088,1,27.27
O200483,P1094,3,13.42
O200483,P1095,2,55.12
O200484,P1105,4,49.0
O200484,P1104,1,141.25
O200484,P1064,1,42.12
O200485,P1041,2,64.65
O200485,P1055,2,11.81
O200486,P1049,1,13.02
O200487,P1050,1,10.63
O200487,P1038,1,12.67
O200487,P1103,1,25.97
O200487,P1107,1,46.52
O200488,P1016,2,16.07
O200488,P1037,1,14.72
O200488,P1017,2,46.9
O200489,P1027,1,11.69
O200490,P1087,1,29.12
O200490,P1089,1,45.11
O200490,P1091,1,35.58
O200491,P1119,2,14.95
O200492,P1098,1,33.42
O200493,P1059,1,71.3
O200493,P1020,4,55.16
O200494,P1071,3,52.36
O200494,P1113,2,20.29
O200495,P1040,1,25.62
O200496,P1102,3,22.53
O200497,P1080,1,17.52
O200497,P1033,1,84.59
O200497,P1062,2,38.13
O200497,P1059,1,71.5
O200497,P1024,1,27.2
O200498,P1071,1,58.63
O200498,P1021,1,40.18
O200499,P1118,1,2.53
O200499,P1088,3,22.27
O200499,P1018,1,65.59
O200500,P1082,1,25.36
O200501,P1086,2,15.35
O200502,P1045,3,9.78
O200503,P1016,1,19.66
O200504,P1063,4,47.51
O200505,P1006,3,29.61
O200506,P1085,1,52.01
O200506,P1099,1,72.0
O200507,P1043,2,35.57
O200508,P1034,1,29.27
O200508,P1041,4,51.82
O200508,P1056,3,45.24
O200509,P1062,3,38.02
O200510,P1057,1,52.9
O200510,P1004,1,46.54
O200511,P1012,4,86.13
O200512,P1070,3,
O200512,P1077,1,9.81
O200513,P1047,1,56.52
O200514,P1052,1,13.19
O200514,P1018,1,69.33
O200514,P1107,6,44.19
O200514,P1078,1,
O200514,P1066,1,56.04
O200515,P1033,4,78.87
O200515,P1034,1,30.98
O200515,P1015,3,43.29
O200516,P1082,1,21.53
O200516,P1048,1,44.63
O200517,P1101,5,21.68
O200518,P1035,1,146.86
O200518,P1110,1,10.82
O200519,P1000,2,28.44
O200519,P1048,1,44.52
O200519,P1114,1,32.75
O200520,P1063,1,50.48
O200521,P1101,1,20.63
O200521,P1053,1,42.34
O200522,P1006,3,31.05
O200522,P1065,2,353.08
O200522,P1119,2,17.08
O200523,P1119,1,15.79
O200523,P1086,1,17.34
O200523,P1092,1,6.12
O200524,P1097,1,22.71
O200524,P1075,3,29.51
O200524,P1084,2,16.23
O200525,P1090,2,155.23
O200525,P1006,1,31.86
O200525,P1062,1,35.08
O200526,P1009,5,40.49
O200526,P1080,4,18.4
O200526,P1016,2,17.03
O200526,P1045,1,8.9
O200527,P1025,2,21.55
O200528,P1055,1,13.68
O200528,P1071,2,51.52
O200529,P1014,1,10.04
O200529,P1013,1,46.52
O200529,P1083,3,13.13
O200530,P1083,1,14.04
O200530,P1085,1,51.26
O200531,P1079,1,10.24
O200531,P1075,2,29.83
O200531,P1018,3,57.05
O200531,P1113,2,16.11
O200531,P1080,1,15.39
O200532,P1101,1,23.66
O200533,P1091,2,33.84
O200534,P1078,2,53.45
O200535,P1014,1,10.68
O200536,P1109,1,64.57
O200537,P1101,4,20.14
O200537,P1003,1,34.13
O200538,P1101,3,22.46
O200539,P1089,1,42.87
O200539,P1073,5,21.79
O200539,P1088,1,27.35
O200540,P1113,2,20.33
O200540,P1073,1,24.09
O200541,P1029,1,32.05
O200542,P1092,1,5.47
O200543,P1072,1,17.2
O200543,P1074,6,20.91
O200544,P1097,2,23.36
O200544,P1030,2,30.21
O200544,P1011,1,14.75
O200545,P1058,3,46.18
O200545,P1070,1,27.46
O200545,P1060,1,12.22
O200546,P1097,1,23.24
O200546,P1056,2,37.66
O200546,P1030,1,25.43
O200547,P1008,4,16.56
O200547,P1110,4,8.99
O200547,P1044,2,14.24
O200547,P1016,3,
O200548,P1107,3,46.22
O200548,P1097,1,21.9
O200549,P1018,4,69.96
O200549,P1078,2,59.99
O200549,P1039,2,49.25
O200549,P1043,2,34.09
O200550,P1065,2,376.77
O200550,P1069,1,56.2
O200550,P1061,3,19.63
O200551,P1074,1,17.99
O200551,P1018,2,61.35
O200551,P1060,1,11.93
O200551,P1103,1,21.35
O200552,P1051,1,39.32
O200553,P1000,1,32.82
O200553,P1015,1,50.41
O200553,P1038,2,10.24
O200553,P1016,1,16.66
O200554,P1031,5,59.77
O200554,P1090,1,143.2
O200555,P1055,2,11.53
O200555,P1094,3,13.51
O200555,P1075,1,31.13
O200556,P1119,1,17.49
O200557,P1031,5,54.59
O200558,P1093,1,40.43
O200559,P1028,2,20.85
O200560,P1106,3,10.86
O200561,P1056,3,39.72
O200561,P1086,3,15.99
O200561,P1083,1,14.02
O200562,P1011,1,14.63
O200563,P1090,3,138.61
O200564,P1024,2,31.62
O200565,P1095,1,60.37
O200565,P1089,2,49.37
O200566,P1005,2,25.72
O200567,P1108,2,147.08
O200568,P1110,3,10.61
O200568,P1054,1,33.64
O200569,P1104,1,142.77
O200569,P1071,1,55.14
O200570,P1079,2,10.45
O200571,P1055,1,11.52
O200572,P1033,2,69.13
O200573,P1105,1,39.14
O200573,P1071,5,47.31
O200573,P1048,1,41.38
O200573,P1046,3,26.86
O200573,P1092,5,6.26
O200574,P1068,1,46.82
O200575,P1017,2,53.86
O200575,P1067,2,48.31
O200576,P1002,2,13.23
O200577,P1019,1,18.42
O200577,P1041,1,52.75
O200578,P1069,1,64.78
O200579,P1099,1,61.5
O200580,P1061,1,15.74
O200580,P1006,2,30.07
O200581,P1087,1,31.8
O200582,P1009,1,43.55
O200583,P1065,6,330.06
O200583,P1096,2,20.79
O200584,P1039,5,43.52
O200584,P1101,2,19.68
O200584,P1062,3,39.45
O200584,P1006,2,30.35
O200584,P1015,1,50.13
O200585,P1066,4,47.19
O200586,P1035,4,155.4
O200586,P1069,2,62.06
O200587,P1026,2,13.4
O200587,P1084,1,18.78
O200587,P1054,1,35.75
O200587,P1087,1,28.12
O200588,P1015,6,45.99
O200588,P1114,2,28.91
O200588,P1012,1,79.19
O200589,P1015,3,53.2
O200589,P1072,1,19.81
O200590,P1087,1,26.13
O200590,P1097,3,23.05
O200590,P1091,1,38.03
O200591,P1090,3,157.64
O200592,P1013,1,49.04
O200592,P1106,1,12.55
O200593,P1104,2,132.22
O200594,P1026,1,13.84
O200595,P1094,5,13.2
O200596,P1059,2,72.27
O200597,P1030,3,29.35
O200597,P1111,1,25.74
O200598,P1069,1,64.86
O200598,P1074,1,20.91
O200599,P1030,2,29.13
O200599,P1019,1,19.59
O200600,P1070,4,31.41
O200601,P1041,1,61.7
O200602,P1018,3,65.51
O200602,P1028,1,24.73
O200603,P1071,2,48.19
O200603,P1063,6,47.5
O200603,P1009,3,41.3
O200603,P1092,1,5.56
O200603,P1026,1,15.06
O200604,P1001,2,
O200605,P1116,2,12.35
O200606,P1046,3,
O200606,P1018,1,65.03
O200606,P1030,2,32.54
O200607,P1094,1,14.62
O200608,P1007,2,36.82
O200608,P1020,1,55.97
O200608,P1009,3,36.5
O200609,P1040,1,25.46
O200609,P1090,4,144.36
O200610,P1021,1,42.14
O200611,P1031,1,64.42
O200612,P1027,4,12.08
O200613,P1073,1,25.66
O200614,P1068,1,54.82
O200614,P1000,4,32.98
O200614,P1021,1,36.65
O200615,P1004,1,46.7
O200615,P1081,5,71.52
O200616,P1053,2,37.0
O200616,P1055,1,13.01
O200617,P1011,1,14.07
O200617,P1114,1,32.84
O200617,P1015,4,48.2
O200618,P1107,1,49.37
O200619,P1075,2,27.02
O200619,P1001,2,44.28
O200620,P1073,1,22.86
O200620,P1005,1,32.09
O200621,P1071,1,46.4
O200621,P1080,1,17.28
O200621,P1048,1,40.94
O200622,P1105,1,40.94
O200623,P1028,2,24.02
O200623,P1021,1,45.3
O200624,P1008,1,16.33
O200624,P1010,1,43.31
O200624,P1052,1,15.46
O200625,P1067,3,49.84
O200626,P1100,5,11.22
O200627,P1019,1,17.98
O200627,P1003,1,36.35
O200628,P1116,2,13.4
O200629,P1070,1,26.01
O200629,P1108,1,131.22
O200630,P1069,3,63.0
O200630,P1097,2,21.02
O200630,P1109,1,56.34
O200630,P1002,2,13.2
O200631,P1113,3,19.89
O200631,P1041,4,57.13
O200632,P1059,3,75.66
O200632,P1015,1,
O200633,P1019,2,17.38
O200633,P1012,4,89.81
O200634,P1005,6,30.66
O200635,P1087,2,31.26
O200636,P1030,3,25.58
O200636,P1088,4,27.84
O200636,P1036,1,50.98
O200636,P1015,5,54.6
O200637,P1105,2,40.31
O200637,P1039,3,51.48
O200638,P1012,1,78.89
O200639,P1105,2,42.02
O200640,P1081,2,65.03
O200640,P1018,1,56.52
O200641,P1073,2,27.48
O200641,P1062,2,35.93
O200641,P1091,3,38.95
O200642,P1084,4,15.73
O200642,P1022,6,68.32
O200642,P1118,1,
O200643,P1078,1,49.43
O200644,P1059,3,67.49
O200644,P1057,1,54.71
O200644,P1100,1,11.19
O200644,P1084,3,17.87
O200645,P1082,1,26.96
O200645,P1039,4,40.65
O200646,P1003,3,36.64
O200646,P1101,6,20.15
O200647,P1013,1,42.03
O200647,P1114,4,31.81
O200648,P1114,1,31.07
O200649,P1036,1,53.41
O200649,P1005,1,27.53
O200649,P1048,3,40.58
O200649,P1054,1,39.04
O200650,P1070,1,31.51
O200651,P1096,1,20.14
O200652,P1013,4,43.46
O200652,P1086,4,17.86
O200652,P1068,1,56.59
O200653,P1009,3,37.28
O200653,P1111,3,27.24
O200654,P1088,3,26.18
O200654,P1044,3,14.45
O200654,P1067,1,50.31
O200655,P1022,1,66.19
O200655,P1032,2,25.36
O200656,P1001,5,54.38
O200657,P1068,1,50.63
O200657,P1042,2,51.42
O200657,P1009,1,36.37
O200657,P1094,1,15.49
O200658,P1114,2,30.81
O200659,P1100,2,10.95
O200659,P1015,1,50.75
O200659,P1051,1,46.35
O200660,P1114,1,33.07
O200661,P1097,1,22.98
O200661,P1064,3,43.97
O200661,P1071,1,49.32
O200662,P1044,1,15.8
O200663,P1056,3,39.63
O200663,P1102,2,23.96
O200664,P1098,2,35.75
O200664,P1115,4,54.6
O200664,P1109,2,56.9
O200665,P1040,4,28.76
O200665,P1047,1,65.97
O200666,P1058,1,57.26
O200666,P1019,4,17.19
O200666,P1088,1,26.16
O200667,P1107,3,41.6
O200667,P1079,4,11.7
O200667,P1043,2,32.64
O200668,P1098,1,37.18
O200668,P1103,1,24.3
O200668,P1058,3,47.21
O200669,P1085,1,57.57
O200669,P1043,1,30.71
O200669,P1079,2,11.74
O200669,P1029,6,
O200670,P1111,4,28.48
O200671,P1051,4,39.47
O200672,P1083,1,13.79
O200673,P1027,1,14.79
O200674,P1005,1,25.66
O200675,P1017,1,56.74
O200675,P1050,1,11.05
O200676,P1100,2,11.01
O200677,P1028,1,24.59
O200678,P1115,3,45.84
O200679,P1005,1,27.61
O200679,P1011,1,13.9
O200679,P1067,1,52.15
O200680,P1089,1,46.83
O200680,P1099,2,74.02
O200681,P1023,2,97.36
O200682,P1089,3,43.95
O200682,P1067,1,54.99
O200682,P1039,1,46.16
O200682,P1001,1,51.4
O200683,P1039,2,
O200684,P1017,1,55.52
O200684,P1100,1,13.24
O200684,P1083,1,13.81
O200684,P1117,3,21.12
O200684,P1097,5,23.76
O200685,P1014,2,10.7
O200685,P1112,2,55.35
O200686,P1023,3,105.0
O200687,P1113,2,18.3
O200687,P1076,2,172.35
O200688,P1056,2,40.12
O200688,P1117,4,20.42
O200688,P1068,1,58.31
O200689,P1041,1,54.48
O200690,P1075,1,29.91
O200690,P1076,4,172.85
O200690,P1050,1,10.16
O200691,P1048,1,39.04
O200692,P1060,1,10.34
O200693,P1029,1,30.34
O200694,P1015,1,50.41
O200695,P1000,2,28.23
O200696,P1080,5,18.11
O200696,P1072,2,17.26
O200696,P1082,1,25.59
O200696,P1092,2,6.45
O200697,P1075,1,30.75
O200698,P1004,3,51.69
O200699,P1032,4,23.99
O200699,P1074,3,17.46
O200700,P1094,3,16.38
O200700,P1068,1,59.13
O200700,P1086,2,16.64
O200700,P1072,3,18.19
O200701,P1115,1,46.91
O200701,P1073,5,24.69
O200701,P1028,1,20.55
O200701,P1087,1,24.6
O200701,P1076,1,172.07
O200702,P1105,5,45.22
O200702,P1104,1,140.81
O200702,P1054,4,35.9
O200703,P1075,1,28.85
O200703,P1069,2,51.7
O200703,P1063,1,51.27
O200703,P1116,1,11.19
O200703,P1062,1,39.54
O200704,P1095,1,61.36
O200704,P1019,2,19.79
O200704,P1011,2,13.36
O200705,P1087,2,24.86
O200705,P1088,1,27.12
O200705,P1084,2,19.46
O200705,P1103,1,22.95
O200706,P1055,3,13.05
O200706,P1028,3,19.94
O200707,P1011,1,13.67
O200708,P1064,1,39.17
O200709,P1117,3,23.14
O200709,P1113,1,20.04
O200710,P1077,1,8.55
O200711,P1083,2,14.3
O200712,P1055,1,14.14
O200712,P1050,1,11.29
O200713,P1020,1,50.91
O200713,P1082,2,24.97
O200713,P1096,1,17.86
O200713,P1017,1,50.83
O200714,P1107,2,43.08
O200715,P1028,2,21.29
O200715,P1001,2,53.65
O200715,P1044,2,15.96
O200716,P1035,1,160.46
O200716,P1043,1,32.27
O200717,P1008,1,19.57
O200717,P1088,2,24.82
O200717,P1009,1,45.41
O200717,P1018,1,63.3
O200718,P1076,1,162.71
O200718,P1016,1,18.85
O200718,P1000,4,31.27
O200718,P1056,4,44.81
O200719,P1027,2,11.82
O200719,P1054,2,36.06
O200719,P1087,3,27.7
O200720,P1008,3,20.29
O200720,P1051,2,49.49
O200721,P1044,3,15.19
O200722,P1060,1,12.77
O200722,P1055,3,12.0
O200723,P1056,4,45.78
O200723,P1079,1,12.14
O200723,P1037,1,14.09
O200724,P1044,1,13.93
O200724,P1061,1,15.89
O200724,P1086,3,18.59
O200724,P1108,1,164.74
O200725,P1060,1,12.3
O200725,P1116,2,13.73
O200725,P1015,3,52.94
O200726,P1014,5,10.25
O200727,P1114,1,29.75
O200727,P1034,1,30.52
O200728,P1024,2,33.68
O200729,P1079,1,12.25
O200730,P1098,2,35.05
O200731,P1112,2,58.56
O200732,P1093,1,41.68
O200732,P1108,4,133.84
O200732,P1020,1,53.4
O200733,P1019,1,16.28
O200734,P1067,2,50.41
O200735,P1085,1,62.45
O200735,P1096,1,21.29
O200735,P1020,1,60.26
O200735,P1062,1,35.59
O200736,P1087,1,26.19
O200737,P1109,2,57.25
O200738,P1112,1,66.05
O200739,P1017,2,49.62
O200740,P1013,1,41.65
O200741,P1066,4,57.57
O200742,P1089,2,50.76
O200742,P1107,1,41.88
O200743,P1047,4,69.69
O200744,P1087,2,25.64
O200745,P1099,1,71.27
O200745,P1026,2,13.91
O200745,P1066,2,48.11
O200746,P1043,3,31.83
O200747,P1037,4,15.13
O200747,P1029,2,28.99
O200747,P1072,1,19.98
O200747,P1089,3,43.43
O200748,P1089,1,50.69
O200748,P1033,3,84.82
O200749,P1044,4,16.61
O200750,P1047,2,60.49
O200750,P1067,3,50.21
O200750,P1037,2,15.25
O200751,P1095,1,55.75
O200752,P1109,2,66.27
O200753,P1048,6,39.99
O200753,P1060,2,11.61
O200754,P1032,1,21.76
O200754,P1116,3,11.73
O200755,P1049,2,12.61
O200755,P1000,1,27.75
O200755,P1062,2,40.07
O200756,P1095,1,56.63
O200756,P1022,3,65.59
O200756,P1021,1,45.0
O200756,P1064,2,37.14
O200757,P1089,3,43.74
O200758,P1117,1,20.65
O200758,P1098,1,29.79
O200759,P1011,2,16.17
O200759,P1064,2,40.67
O200760,P1112,1,54.16
O200760,P1055,4,12.39
O200760,P1059,3,83.05
O200760,P1051,2,49.09
O200760,P1044,1,14.44
O200761,P1056,2,40.08
O200761,P1006,2,36.38
O200761,P1074,3,17.94
O200762,P1116,6,11.84
O200762,P1030,1,30.73
O200762,P1013,1,45.88
O200762,P1016,3,19.27
O200763,P1017,4,53.89
O200764,P1061,1,19.46
O200764,P1100,1,13.12
O200764,P1086,1,15.94
O200765,P1070,1,27.31
O200766,P1026,1,12.78
O200767,P1032,4,20.97
O200767,P1087,3,29.3
O200767,P1064,6,43.43
O200767,P1075,1,32.2
O200768,P1030,2,25.38
O200769,P1059,1,78.88
O200769,P1000,3,31.26
O200769,P1096,1,18.29
O200769,P1112,1,59.81
O200770,P1004,1,47.96
O200771,P1115,1,55.85
O200771,P1053,1,41.01
O200771,P1030,1,31.61
O200772,P1088,5,27.0
O200773,P1098,2,35.01
O200774,P1002,2,13.43
O200775,P1103,3,23.06
O200775,P1091,1,39.39
O200776,P1081,1,67.53
O200777,P1057,3,52.72
O200777,P1094,1,15.62
O200778,P1072,3,19.17
O200779,P1075,1,27.21
O200780,P1024,1,34.52
O200781,P1087,2,30.66
O200782,P1066,3,47.24
O200782,P1080,5,17.1
O200782,P1095,2,65.17
O200783,P1070,1,26.41
O200783,P1072,5,17.63
O200783,P1058,3,
O200784,P1030,3,29.47
O200785,P1058,3,53.21
O200785,P1046,1,23.36
O200786,P1115,3,52.69
O200786,P1084,3,16.66
O200786,P1117,1,26.2
O200787,P1010,1,38.39
O200788,P1009,2,41.5
O200789,P1018,2,57.78
O200789,P1103,1,24.68
O200790,P1036,1,52.97
O200791,P1020,1,52.51
O200792,P1091,1,41.59
O200793,P1041,1,59.67
O200793,P1039,4,41.69
O200794,P1035,4,144.26
O200795,P1043,3,28.48
O200796,P1110,5,9.16
O200797,P1069,3,54.97
O200798,P1117,2,20.6
O200799,P1025,1,21.61
O200799,P1090,2,125.53
O200799,P1052,3,16.06
O200799,P1095,1,65.52
O200800,P1015,1,51.17
O200801,P1024,6,33.21
O200801,P1020,4,60.6
O200802,P1018,1,63.37
O200803,P1101,1,23.13
O200803,P1074,1,18.56
O200804,P1062,1,42.01
O200804,P1069,2,58.87
O200805,P1095,1,66.32
O200806,P1024,1,32.75
O200806,P1028,2,24.35
O200806,P1119,1,14.9
O200807,P1091,5,34.63
O200807,P1107,1,43.17
O200808,P1082,1,21.99
O200808,P1099,1,69.48
O200808,P1023,1,93.99
O200809,P1016,2,17.3
O200810,P1043,1,30.74
O200810,P1000,3,27.26
O200810,P1110,4,9.48
O200810,P1066,2,55.85
O200810,P1080,5,16.66
O200811,P1088,1,25.4
O200811,P1098,2,37.29
O200811,P1084,1,16.97
O200812,P1051,1,49.51
O200812,P1029,2,31.11
O200812,P1083,1,14.16
O200812,P1069,5,56.29
O200813,P1029,2,30.37
O200813,P1007,2,40.16
O200814,P1059,1,69.71
O200814,P1093,2,33.54
O200815,P1010,2,41.92
O200815,P1077,3,9.31
O200815,P1067,2,59.37
O200816,P1060,1,10.95
O200816,P1085,1,51.82
O200816,P1112,6,64.3
O200817,P1091,4,41.33
O200817,P1053,2,36.43
O200817,P1012,2,88.98
O200817,P1062,3,42.93
O200818,P1029,1,30.59
O200819,P1080,5,14.95
O200819,P1088,1,27.82
O200819,P1118,1,2.29
O200820,P1023,4,98.41
O200821,P1093,4,41.62
O200821,P1104,4,127.34
O200822,P1007,1,40.97
O200823,P1056,2,46.11
O200824,P1032,4,23.51
O200824,P1056,1,42.05
O200824,P1052,1,14.98
O200824,P1099,4,64.55
O200825,P1085,6,64.28
O200826,P1114,1,30.37
O200826,P1058,3,54.52
O200827,P1036,2,57.93
O200827,P1060,4,10.52
O200828,P1062,4,38.45
O200829,P1068,1,53.21
O200830,P1003,2,34.79
O200830,P1112,4,58.88
O200831,P1044,3,13.59
O200832,P1048,2,42.61
O200832,P1033,2,70.57
O200832,P1044,1,13.88
O200833,P1050,1,11.89
O200833,P1090,2,157.49
O200833,P1027,1,11.78
O200833,P1052,2,16.69
O200833,P1089,4,44.85
O200834,P1098,1,33.17
O200835,P1023,2,107.67
O200836,P1003,3,33.03
O200836,P1103,1,24.67
O200837,P1094,2,16.29
O200837,P1092,2,5.63
O200837,P1001,1,43.81
O200838,P1016,1,17.71
O200839,P1006,2,29.29
O200840,P1089,1,47.07
O200840,P1015,1,48.44
O200841,P1077,1,8.4
O200841,P1065,1,355.68
O200841,P1005,2,27.11
O200841,P1063,1,53.02
O200842,P1036,1,53.67
O200843,P1063,1,50.23
O200844,P1036,1,59.18
O200844,P1028,1,22.85
O200844,P1057,1,51.98
O200844,P1095,1,61.2
O200845,P1058,3,47.41
O200845,P1018,1,58.52
O200846,P1088,1,27.03
O200846,P1097,2,21.27
O200847,P1090,5,152.29
O200847,P1059,3,67.01
O200848,P1043,2,30.24
O200848,P1099,2,61.65
O200848,P1025,1,20.96
O200848,P1059,1,70.76
O200848,P1048,1,41.71
O200849,P1064,2,44.71
O200849,P1023,5,106.53
O200850,P1004,6,49.16
O200850,P1064,1,41.02
O200850,P1009,3,42.77
O200850,P1000,1,29.08
O200851,P1110,3,9.98
O200851,P1050,1,11.31
O200852,P1055,1,13.05
O200852,P1001,1,49.15
O200852,P1000,2,27.55
O200853,P1050,1,12.22
O200854,P1055,2,11.54
O200855,P1017,1,49.02
O200855,P1038,6,12.01
O200855,P1057,5,49.9
O200856,P1111,2,28.54
O200857,P1006,1,29.53
O200857,P1091,1,38.36
O200858,P1070,2,27.55
O200859,P1101,1,20.65
O200859,P1018,1,62.83
O200859,P1092,3,6.33
O200860,P1055,4,
O200861,P1036,5,46.91
O200861,P1074,3,19.59
O200861,P1043,1,32.91
O200862,P1011,1,13.62
O200862,P1000,6,27.09
O200863,P1079,3,10.58
O200864,P1001,5,49.22
O200864,P1000,1,31.99
O200865,P1111,1,22.31
O200866,P1040,2,28.27
O200867,P1077,6,8.54
O200868,P1036,2,46.92
O200869,P1116,1,11.37
O200869,P1097,1,22.66
O200869,P1108,1,139.53
O200869,P1118,1,2.59
O200869,P1098,3,35.96
O200870,P1001,3,55.24
O200871,P1104,2,121.84
O200871,P1099,3,72.87
O200872,P1103,1,25.44
O200873,P1086,2,14.98
O200873,P1074,1,19.54
O200874,P1057,1,48.14
O200875,P1051,3,44.45
O200875,P1112,1,61.57
O200876,P1003,5,33.06
O200876,P1036,4,51.4
O200877,P1042,6,52.04
O200877,P1000,1,29.55
O200878,P1098,2,31.59
O200879,P1089,3,42.17
O200879,P1100,1,11.3
O200880,P1011,2,14.18
O200881,P1011,1,14.94
O200882,P1001,1,46.26
O200883,P1013,2,43.36
O200884,P1017,1,53.36
O200884,P1025,2,19.85
O200885,P1056,3,39.89
O200885,P1097,1,22.81
O200886,P1098,1,29.72
O200887,P1070,1,31.15
O200888,P1057,1,51.93
O200889,P1058,1,47.17
O200889,P1119,1,14.48
O200890,P1018,1,70.2
O200890,P1033,1,69.66
O200891,P1003,2,36.16
O200892,P1100,1,13.1
O200892,P1033,2,75.92
O200893,P1006,2,31.66
O200893,P1077,1,8.71
O200894,P1049,1,10.63
O200894,P1091,1,33.18
O200895,P1063,1,53.45
O200895,P1112,2,56.8
O200896,P1085,1,53.15
O200896,P1012,5,95.09
O200897,P1040,1,23.99
O200897,P1063,2,50.38
O200898,P1014,1,10.25
O200899,P1034,6,31.59
O200900,P1004,4,46.87
O200901,P1037,3,15.69
O200901,P1003,1,42.16
O200902,P1056,6,48.56
O200902,P1019,1,16.62
O200902,P1052,2,15.3
O200903,P1099,1,70.75
O200904,P1045,1,8.55
O200905,P1038,6,10.11
O200905,P1107,1,41.95
O200905,P1071,1,59.29
O200906,P1116,2,12.03
O200906,P1047,1,59.17
O200906,P1101,4,19.61
O200907,P1054,2,32.58
O200907,P1113,2,18.15
O200907,P1038,2,11.96
O200908,P1004,2,47.62
O200908,P1046,3,23.54
O200909,P1069,1,63.06
O200909,P1029,1,25.33
O200909,P1054,1,38.84
O200910,P1095,5,60.32
O200911,P1015,1,55.33
O200912,P1010,1,36.21
O200913,P1024,2,28.62
O200913,P1102,1,21.93
O200914,P1010,5,43.38
O200915,P1016,2,18.46
O200915,P1085,1,51.52
O200916,P1090,1,138.66
O200916,P1018,2,66.17
O200917,P1012,2,91.4
O200918,P1082,1,26.62
O200918,P1084,2,16.19
O200918,P1098,1,30.5
O200919,P1017,2,50.42
O200920,P1004,1,46.16
O200921,P1091,1,40.86
O200921,P1065,2,359.1
O200921,P1097,1,23.85
O200922,P1092,4,5.16
O200923,P1023,2,97.03
O200923,P1032,2,23.26
O200924,P1025,1,22.36
O200924,P1008,1,20.3
O200924,P1085,1,56.22
O200925,P1038,1,12.66
O200925,P1063,1,47.32
O200925,P1067,2,49.85
O200925,P1030,3,30.63
O200926,P1095,2,59.59
O200926,P1024,1,31.08
O200926,P1100,4,11.5
O200927,P1026,2,13.86
O200928,P1079,3,12.44
O200928,P1005,3,27.15
O200929,P1073,1,26.07
O200930,P1082,1,23.54
O200931,P1085,2,55.88
O200932,P1084,1,18.47
O200933,P1087,2,30.33
O200933,P1009,3,40.27
O200933,P1082,1,23.63
O200934,P1078,1,48.29
O200935,P1001,2,54.02
O200935,P1067,1,59.21
O200936,P1063,5,51.05
O200937,P1067,1,58.16
O200937,P1071,3,58.79
O200938,P1023,1,108.46
O200938,P1061,5,17.12
O200938,P1106,1,10.88
O200938,P1003,1,35.56
O200939,P1008,2,19.3
O200940,P1027,4,13.91
O200940,P1054,4,38.65
O200941,P1117,4,21.79
O200942,P1054,3,39.24
O200943,P1053,1,43.32
O200943,P1015,3,53.86
O200944,P1089,1,48.71
O200944,P1090,4,155.86
O200944,P1050,1,9.94
O200945,P1074,2,19.51
O200946,P1009,1,42.31
O200947,P1084,1,18.53
O200948,P1007,2,37.21
O200948,P1093,3,40.69
O200948,P1024,1,29.61
O200949,P1078,3,59.0
O200949,P1050,2,11.07
O200950,P1005,5,31.87
O200950,P1008,3,20.34
O200951,P1095,2,69.74
O200951,P1064,2,44.07
O200952,P1000,2,29.55
O200952,P1109,5,59.35
O200952,P1092,1,5.35
O200953,P1055,1,12.81
O200953,P1052,1,14.78
O200953,P1089,3,48.59
O200954,P1005,5,27.27
O200954,P1021,1,43.11
O200954,P1095,2,70.05
O200955,P1016,5,20.52
O200955,P1101,1,23.29
O200955,P1084,3,18.55
O200956,P1046,2,26.22
O200956,P1023,1,99.61
O200957,P1079,1,11.84
O200957,P1087,1,30.09
O200958,P1088,1,26.17
O200958,P1075,1,28.77
O200958,P1033,1,71.75
O200959,P1025,1,21.74
O200959,P1099,1,68.45
O200959,P1119,1,14.85
O200959,P1001,2,55.76
O200960,P1019,3,15.98
O200961,P1019,4,
O200962,P1103,5,24.23
O200962,P1020,1,52.86
O200962,P1056,2,43.23
O200962,P1063,1,51.31
O200963,P1030,1,27.43
O200964,P1004,2,41.64
O200964,P1034,1,29.64
O200964,P1100,1,12.84
O200965,P1068,1,57.63
O200966,P1057,2,51.99
O200967,P1010,1,43.97
O200968,P1005,3,27.76
O200969,P1097,5,20.11
O200970,P1026,3,13.32
O200970,P1074,2,20.17
O200971,P1101,4,
O200971,P1041,2,54.26
O200972,P1024,5,28.76
O200972,P1042,2,41.16
O200972,P1060,5,9.97
O200972,P1075,2,31.41
O200972,P1107,1,46.58
O200973,P1053,6,35.98
O200974,P1069,3,56.94
O200974,P1074,6,17.91
O200975,P1053,3,43.35
O200975,P1042,1,43.8
O200976,P1046,2,26.8
O200976,P1008,1,17.96
O200977,P1053,1,40.93
O200977,P1088,2,
O200978,P1118,1,2.83
O200979,P1005,1,27.97
O200980,P1104,1,117.97
O200981,P1039,2,42.18
O200982,P1089,1,47.73
O200982,P1044,1,13.64
O200983,P1004,3,48.03
O200984,P1048,2,41.18
O200984,P1034,1,27.65
O200984,P1008,3,18.38
O200984,P1076,2,182.59
O200985,P1021,1,37.69
O200985,P1070,1,26.89
O200985,P1016,1,16.64
O200985,P1099,2,75.29
O200986,P1002,1,12.53
O200986,P1054,1,34.11
O200986,P1119,1,13.96
O200986,P1089,2,43.01
O200986,P1025,1,19.87
O200987,P1064,3,43.26
O200987,P1091,4,38.83
O200987,P1049,1,10.88
O200987,P1100,1,11.9
O200988,P1085,1,55.24
O200989,P1099,5,71.27
O200989,P1028,6,23.6
O200990,P1024,4,31.9
O200991,P1047,2,58.09
O200991,P1005,2,29.33
O200991,P1075,6,29.49
O200992,P1081,1,63.03
O200992,P1011,2,14.85
O200992,P1104,1,117.53
O200993,P1106,1,12.47
O200993,P1047,4,57.64
O200993,P1065,1,366.87
O200994,P1062,1,41.74
O200995,P1093,1,36.83
O200995,P1058,2,54.11
O200995,P1030,1,26.09
O200996,P1037,3,16.24
O200997,P1085,1,
O200998,P1087,3,28.19
O200998,P1052,2,14.29
O200998,P1068,1,46.68
O200999,P1040,2,25.07
O201000,P1063,2,45.62
O201000,P1005,1,30.16
O201000,P1042,1,46.17
O201000,P1094,3,13.16
O201000,P1099,1,73.93
O201001,P1036,1,59.54
O201002,P1039,2,51.4
O201002,P1040,1,25.48
O201002,P1081,3,61.42
O201003,P1048,1,37.62
O201003,P1095,2,55.54
O201004,P1082,2,25.67
O201004,P1054,2,38.48
O201004,P1089,2,49.31
O201005,P1080,1,16.35
O201005,P1066,2,53.47
O201005,P1059,2,67.52
O201006,P1031,3,54.87
O201006,P1059,3,77.65
O201006,P1063,2,45.19
O201006,P1039,2,51.64
O201007,P1012,1,94.77
O201008,P1090,2,143.98
O201008,P1005,2,29.59
O201008,P1027,3,13.05
O201008,P1117,4,20.65
O201009,P1111,2,25.18
O201010,P1055,2,12.48
O201011,P1101,4,24.64
O201012,P1067,2,58.3
O201012,P1045,1,7.7
O201012,P1034,1,25.83
O201013,P1057,6,48.39
O201013,P1001,1,44.31
O201014,P1044,5,12.86
O201014,P1019,1,18.75
O201014,P1076,4,165.04
O201015,P1050,1,10.65
O201015,P1030,1,27.6
O201016,P1072,2,18.14
O201017,P1011,2,14.87
O201017,P1033,5,72.34
O201017,P1079,3,10.4
O201017,P1074,3,21.49
O201018,P1072,3,17.69
O201019,P1110,3,10.43
O201019,P1097,1,19.57
O201019,P1095,1,69.35
O201019,P1111,2,27.14
O201020,P1111,2,25.92
O201021,P1092,2,5.86
O201021,P1117,2,
O201022,P1063,2,52.07
O201023,P1104,2,114.91
O201024,P1012,1,76.77
O201025,P1118,2,2.61
O201026,P1005,2,27.93
O201027,P1114,1,30.84
O201028,P1032,2,23.83
O201028,P1111,1,27.22
O201029,P1036,1,56.35
O201029,P1109,1,59.53
O201029,P1098,1,35.55
O201030,P1009,3,45.94
O201030,P1007,5,37.37
O201031,P1003,4,40.64
O201031,P1084,1,15.74
O201031,P1029,1,28.09
O201031,P1075,1,25.46
O201032,P1098,3,32.14
O201032,P1012,3,90.76
O201033,P1032,3,24.52
O201033,P1046,5,26.2
O201034,P1100,1,10.69
O201034,P1110,1,11.02
O201035,P1059,1,74.47
O201036,P1039,2,49.48
O201036,P1083,5,16.01
O201037,P1022,1,72.7
O201038,P1060,3,10.35
O201038,P1039,5,50.87
O201038,P1046,1,27.41
O201039,P1077,3,9.78
O201039,P1025,1,21.38
O201039,P1068,3,46.71
O201040,P1119,3,16.46
O201041,P1065,3,
O201041,P1118,4,2.8
O201041,P1019,2,15.72
O201042,P1013,1,45.85
O201043,P1022,1,58.11
O201044,P1078,1,57.34
O201045,P1046,1,22.19
O201045,P1104,5,125.86
O201045,P1082,1,22.11
O201046,P1086,4,18.0
O201046,P1083,4,13.08
O201046,P1082,3,24.08
O201047,P1030,3,30.38
O201047,P1049,2,13.27
O201047,P1076,1,154.79
O201048,P1043,3,33.99
O201049,P1066,3,52.35
O201049,P1020,4,54.33
O201050,P1117,1,20.72
O201050,P1106,2,12.72
O201051,P1016,1,18.51
O201052,P1086,1,14.55
O201052,P1064,1,37.15
O201053,P1020,2,55.2
O201054,P1041,1,61.24
O201055,P1039,4,42.79
O201055,P1041,2,57.61
O201056,P1081,1,63.64
O201056,P1058,3,51.94
O201057,P1062,1,40.92
O201058,P1112,1,65.33
O201059,P1040,1,23.83
O201060,P1030,1,27.59
O201061,P1016,1,17.42
O201062,P1040,1,29.35
O201063,P1007,1,42.98
O201063,P1084,2,15.82
O201064,P1044,2,14.43
O201065,P1037,1,13.24
O201065,P1060,3,11.62
O201065,P1055,1,11.6
O201066,P1112,1,54.12
O201066,P1037,2,15.37
O201067,P1037,1,16.22
O201068,P1010,3,37.2
O201069,P1020,5,64.73
O201069,P1058,1,48.98
O201069,P1021,1,39.7
O201070,P1103,3,25.9
O201071,P1090,2,135.96
O201072,P1005,1,28.78
O201073,P1033,1,70.55
O201073,P1106,1,11.29
O201074,P1093,6,40.93
O201074,P1115,1,55.82
O201075,P1070,2,32.58
O201075,P1018,1,55.65
O201075,P1048,3,47.03
O201075,P1110,1,10.88
O201075,P1069,1,64.14
O201076,P1088,1,28.38
O201076,P1021,1,38.53
O201076,P1018,1,70.54
O201077,P1060,2,11.97
O201078,P1118,1,2.4
O201079,P1102,3,25.68
O201080,P1107,1,48.97
O201081,P1091,1,40.0
O201082,P1116,3,12.53
O201083,P1109,1,63.38
O201084,P1019,5,17.97
O201085,P1015,2,51.08
O201086,P1009,4,42.94
O201086,P1108,3,143.9
O201086,P1030,2,30.79
O201086,P1094,1,13.1
O201087,P1018,3,67.27
O201087,P1108,5,146.1
O201088,P1001,1,45.97
O201088,P1002,1,13.28
O201088,P1116,4,11.26
O201088,P1058,1,55.97
O201088,P1076,2,182.02
O201089,P1085,1,55.56
O201090,P1093,1,33.74
O201090,P1038,1,10.32
O201091,P1109,2,56.45
O201092,P1020,1,60.39
O201093,P1107,1,47.25
O201094,P1032,2,24.42
O201094,P1031,1,
O201094,P1028,1,21.62
O201094,P1037,1,15.28
O201095,P1110,1,10.29
O201095,P1105,1,39.88
O201095,P1019,2,19.75
O201095,P1100,2,10.85
O201095,P1086,3,16.39
O201096,P1088,1,24.4
O201097,P1111,4,22.61
O201098,P1075,2,25.83
O201099,P1101,3,20.8
O201100,P1014,1,9.33
O201101,P1012,1,93.1
O201102,P1006,4,35.11
O201102,P1040,1,26.48
O201103,P1064,2,40.8
O201104,P1111,1,22.53
O201105,P1048,2,37.92
O201106,P1117,4,24.62
O201107,P1026,1,13.38
O201107,P1002,4,11.05
O201107,P1118,1,2.62
O201107,P1097,3,19.98
O201107,P1043,2,34.51
O201108,P1058,1,45.9
O201109,P1089,3,46.94
O201109,P1028,1,23.53
O201109,P1025,3,19.01
O201110,P1073,1,24.17
O201110,P1011,1,15.71
O201110,P1118,1,2.48
O201111,P1060,2,11.44
O201111,P1107,4,50.07
O201111,P1106,2,12.67
O201111,P1117,2,23.33
O201112,P1092,1,6.47
O201112,P1065,1,337.7
O201112,P1087,3,30.42
O201113,P1017,2,51.91
O201113,P1006,1,34.23
O201114,P1020,1,50.65
O201114,P1036,1,60.15
O201114,P1013,2,46.9
O201115,P1061,1,16.92
O201116,P1070,2,26.45
O201116,P1059,4,80.52
O201117,P1113,2,17.14
O201117,P1046,1,24.97
O201117,P1030,1,26.71
O201117,P1037,1,15.59
O201117,P1094,4,16.02
O201118,P1081,2,63.52
O201118,P1084,1,19.06
O201118,P1013,5,47.94
O201119,P1016,1,18.31
O201119,P1026,1,14.26
O201119,P1057,1,43.62
O201119,P1028,2,22.98
O201120,P1056,3,45.4
O201120,P1114,5,30.24
O201120,P1004,1,46.6
O201121,P1026,2,12.74
O201121,P1013,2,46.11
O201121,P1024,3,26.94
O201122,P1022,2,69.13
O201122,P1087,1,28.98
O201123,P1075,2,32.17
O201123,P1090,1,133.08
O201123,P1039,2,45.36
O201124,P1116,1,13.16
O201124,P1044,3,16.05
O201125,P1075,1,31.44
O201125,P1051,1,39.21
O201125,P1064,4,45.25
O201125,P1106,1,12.65
O201126,P1013,1,44.37
O201126,P1043,2,35.48
O201126,P1091,1,37.37
O201127,P1076,4,168.35
O201127,P1022,1,62.31
O201127,P1079,3,12.28
O201128,P1080,4,17.95
O201128,P1113,5,16.68
O201129,P1054,5,35.47
O201130,P1081,1,67.25
O201131,P1065,2,315.75
O201131,P1043,2,29.03
O201131,P1014,2,11.08
O201131,P1075,2,31.18
O201132,P1049,1,12.65
O201132,P1118,2,2.39
O201133,P1112,1,61.37
O201134,P1024,1,29.46
O201135,P1011,4,14.04
O201135,P1001,6,47.12
O201135,P1065,2,361.58
O201136,P1026,1,12.54
O201136,P1104,2,111.2
O201136,P1044,1,14.06
O201137,P1035,2,169.88
O201137,P1084,1,17.97
O201137,P1017,6,60.09
O201138,P1091,5,39.3
O201138,P1080,5,18.95
O201139,P1022,5,58.49
O201140,P1062,1,38.89
O201141,P1014,5,9.46
O201142,P1006,1,33.0
O201142,P1051,4,48.89
O201142,P1072,4,18.26
O201143,P1017,5,53.67
O201144,P1108,1,162.47
O201144,P1064,1,41.0
O201145,P1011,2,15.84
O201145,P1079,1,12.33
O201146,P1016,1,16.81
O201146,P1107,1,42.65
O201147,P1054,1,38.14
O201147,P1072,1,19.24
O201147,P1083,2,14.68
O201147,P1009,1,45.4
O201148,P1056,1,44.39
O201149,P1025,1,22.03
O201149,P1079,1,11.76
O201149,P1049,1,12.62
O201150,P1055,1,14.0
O201151,P1059,2,76.51
O201152,P1027,6,12.62
O201153,P1041,1,65.12
O201154,P1097,5,21.5
O201154,P1074,1,19.22
O201154,P1085,2,57.27
O201155,P1018,1,67.29
O201155,P1067,3,59.06
O201156,P1001,5,55.18
O201157,P1109,2,65.96
O201158,P1118,4,2.81
O201158,P1117,6,21.17
O201159,P1103,1,20.75
O201159,P1074,3,17.82
O201159,P1078,1,56.56
O201160,P1102,2,22.92
O201161,P1017,1,54.9
O201161,P1048,4,41.64
O201162,P1004,1,40.51
O201162,P1044,3,13.69
O201162,P1070,3,28.73
O201163,P1003,5,40.3
O201163,P1085,1,56.73
O201164,P1110,5,10.32
O201165,P1053,1,41.32
O201165,P1007,2,43.64
O201166,P1110,3,9.88
O201166,P1113,2,20.29
O201167,P1009,1,36.87
O201167,P1037,2,
O201167,P1041,1,55.28
O201168,P1041,3,63.78
O201168,P1085,1,50.72
O201169,P1015,5,45.81
O201169,P1048,2,38.75
O201169,P1117,2,24.25
O201169,P1105,1,45.35
O201170,P1064,1,42.41
O201171,P1062,3,40.67
O201171,P1109,4,66.73
O201171,P1068,1,53.22
O201171,P1073,5,22.94
O201172,P1012,2,79.32
O201172,P1064,2,39.86
O201173,P1083,2,13.41
O201173,P1058,1,55.29
O201174,P1009,1,45.87
O201175,P1005,4,28.59
O201176,P1078,4,57.01
O201176,P1107,1,42.23
O201176,P1017,1,52.25
O201177,P1106,1,11.02
O201177,P1100,1,13.45
O201178,P1012,1,86.17
O201179,P1074,1,19.64
O201179,P1022,5,56.81
O201180,P1005,3,31.44
O201181,P1062,2,41.67
O201181,P1025,2,22.29
O201181,P1000,1,32.87
O201181,P1101,1,22.97
O201181,P1094,1,14.45
O201182,P1112,1,60.25
O201182,P1041,1,62.59
O201182,P1069,1,63.72
O201182,P1038,3,10.34
O201183,P1034,1,28.8
O201184,P1005,1,26.8
O201184,P1094,1,15.79
O201184,P1040,2,30.6
O201185,P1067,1,56.48
O201185,P1024,1,28.15
O201185,P1023,4,104.25
O201185,P1071,1,49.96
O201186,P1107,1,49.01
O201187,P1070,2,27.46
O201187,P1009,1,42.44
O201188,P1051,1,44.74
O201189,P1108,1,136.87
O201189,P1074,3,17.5
O201190,P1052,1,15.46
O201191,P1100,6,10.93
O201192,P1038,1,10.82
O201193,P1019,1,17.68
O201194,P1068,1,58.39
O201194,P1096,3,18.96
O201194,P1051,1,49.07
O201195,P1030,3,29.26
O201196,P1033,4,72.91
O201197,P1047,1,69.52
O201197,P1014,1,10.37
O201197,P1078,1,48.14
O201197,P1082,1,26.4
O201198,P1057,2,45.1
O201198,P1075,1,27.03
O201199,P1101,3,24.73
O201199,P1100,1,11.38
O201200,P1104,2,134.94
O201200,P1001,2,50.36
O201200,P1107,1,49.19
O201200,P1010,2,35.21
O201201,P1013,1,49.23
O201201,P1109,2,55.29
O201201,P1046,1,23.07
O201202,P1072,3,18.09
O201203,P1038,1,11.78
O201203,P1011,2,13.35
O201204,P1092,3,6.35
O201204,P1033,1,66.16
O201204,P1117,1,24.49
O201204,P1054,2,38.6
O201204,P1007,2,43.84
O201205,P1015,1,51.87
O201206,P1111,1,25.85
O201207,P1030,1,30.0
O201208,P1075,1,31.95
O201209,P1098,2,34.04
O201209,P1014,3,10.02
O201209,P1062,1,43.64
O201210,P1046,1,21.53
O201210,P1012,1,78.87
O201210,P1112,1,57.62
O201211,P1097,3,19.64
O201211,P1118,1,2.71
O201211,P1010,3,35.51
O201211,P1002,1,12.89
O201212,P1092,1,6.23
O201212,P1004,1,46.76
O201212,P1026,1,14.29
O201213,P1091,5,41.29
O201214,P1032,1,21.08
O201215,P1024,1,32.21
O201215,P1049,4,10.86
O201215,P1102,1,22.6
O201215,P1006,3,30.25
O201215,P1044,1,16.03
O201216,P1113,2,16.94
O201217,P1035,2,140.21
O201218,P1028,1,22.47
O201218,P1050,2,10.96
O201218,P1067,2,47.69
O201218,P1025,1,19.03
O201219,P1066,2,55.92
O201219,P1074,3,17.45
O201220,P1116,1,10.81
O201221,P1061,3,17.16
O201221,P1031,1,58.81
O201221,P1082,3,26.27
O201222,P1108,2,141.25
O201222,P1001,1,55.66
O201222,P1107,1,40.19
O201222,P1027,1,13.77
O201222,P1097,3,23.56
O201223,P1083,1,14.89
O201224,P1011,1,14.23
O201224,P1008,5,19.23
O201224,P1023,6,93.17
O201225,P1049,2,13.09
O201226,P1055,1,11.85
O201226,P1104,1,131.03
O201227,P1100,1,11.29
O201227,P1081,2,65.1
O201227,P1072,2,17.37
O201227,P1109,2,64.67
O201228,P1027,2,13.93
O201228,P1025,2,23.07
O201228,P1083,1,14.81
O201228,P1107,1,39.88
O201228,P1017,2,52.53
O201229,P1053,3,43.59
O201230,P1076,1,162.96
O201231,P1009,1,45.76
O201232,P1015,3,51.42
O201232,P1114,1,33.48
O201233,P1048,2,39.68
O201234,P1002,4,10.9
O201235,P1109,1,57.61
O201236,P1032,5,25.78
O201237,P1088,4,24.24
O201238,P1107,1,50.84
O201238,P1052,2,15.18
O201238,P1032,2,22.08
O201239,P1091,1,38.71
O201240,P1008,5,16.97
O201241,P1077,1,9.53
O201241,P1070,1,31.83
O201241,P1099,1,62.79
O201242,P1039,1,49.62
O201242,P1023,2,110.31
O201242,P1094,1,14.66
O201243,P1090,1,159.75
O201244,P1048,1,43.11
O201245,P1034,2,26.33
O201245,P1110,3,8.95
O201246,P1083,1,15.07
O201247,P1109,1,59.66
O201247,P1048,1,38.42
O201247,P1020,1,56.23
O201248,P1030,1,26.8
O201249,P1034,1,25.87
O201250,P1119,1,15.31
O201250,P1087,1,30.6
O201251,P1075,1,30.26
O201251,P1078,1,50.48
O201251,P1067,1,53.25
O201252,P1089,2,42.28
O201252,P1099,2,66.22
O201252,P1105,1,43.76
O201252,P1057,1,52.67
O201253,P1012,1,85.43
O201254,P1062,1,40.0
O201254,P1112,1,51.32
O201255,P1053,3,42.48
O201256,P1005,1,27.38
O201256,P1032,1,21.91
O201257,P1073,3,22.62
O201257,P1066,1,59.58
O201257,P1095,1,69.37
O201258,P1105,1,41.65
O201259,P1058,1,46.8
O201259,P1089,1,48.22
O201259,P1018,3,59.46
O201259,P1095,2,63.0
O201260,P1094,1,13.86
O201260,P1045,1,9.7
O201261,P1073,2,23.71
O201261,P1072,1,17.3
O201261,P1043,3,33.87
O201261,P1003,1,37.51
O201262,P1092,1,6.17
O201262,P1049,2,11.74
O201262,P1070,1,30.85
O201263,P1017,4,51.42
O201264,P1103,5,22.34
O201265,P1087,1,28.53
O201266,P1069,1,52.0
O201267,P1016,4,20.41
O201267,P1080,1,18.68
O201268,P1003,4,38.96
O201268,P1058,1,54.0
O201269,P1017,1,49.75
O201269,P1022,2,65.36
O201269,P1099,3,70.23
O201269,P1071,5,55.58
O201270,P1113,1,17.4
O201271,P1021,1,45.4
O201271,P1032,1,25.9
O201271,P1051,3,47.26
O201272,P1044,1,13.54
O201272,P1029,2,28.06
O201272,P1072,3,19.89
O201272,P1005,3,27.15
O201273,P1065,1,305.34
O201273,P1110,1,9.95
O201273,P1004,2,44.01
O201274,P1087,1,27.93
O201275,P1077,1,8.65
O201275,P1064,1,41.42
O201276,P1074,1,17.52
O201277,P1098,1,32.58
O201278,P1042,4,44.25
O201279,P1099,1,64.66
O201279,P1068,1,56.3
O201279,P1112,1,66.0
O201280,P1049,1,11.84
O201280,P1114,1,27.16
O201281,P1002,1,10.89
O201281,P1092,3,6.2
O201282,P1039,1,41.37
O201282,P1012,2,95.42
O201282,P1042,1,51.08
O201282,P1067,4,55.9
O201282,P1059,1,76.34
O201283,P1078,2,52.61
O201284,P1032,2,23.55
O201284,P1101,1,20.95
O201285,P1106,2,10.9
O201285,P1107,1,42.06
O201285,P1075,5,25.48
O201286,P1090,2,145.31
O201287,P1049,5,12.62
O201287,P1110,4,8.76
O201288,P1012,1,79.92
O201289,P1103,3,25.55
O201289,P1029,2,29.24
O201289,P1077,1,9.01
O201290,P1059,1,81.42
O201291,P1080,2,14.99
O201292,P1024,2,31.23
O201292,P1056,1,47.65
O201293,P1057,2,50.94
O201294,P1107,1,47.98
O201295,P1068,3,59.3
O201296,P1000,4,31.02
O201297,P1020,4,56.97
O201297,P1103,3,23.7
O201298,P1031,1,63.4
O201298,P1006,2,32.27
O201299,P1014,3,10.68
O201299,P1042,1,50.31
O201300,P1056,6,42.67
O201300,P1030,3,31.9
O201301,P1041,1,63.55
O201302,P1112,2,63.33
O201303,P1046,2,
O201303,P1011,1,14.33
O201303,P1071,1,57.42
O201304,P1007,2,40.46
O201304,P1059,5,77.99
O201304,P1101,2,20.52
O201305,P1093,1,38.65
O201306,P1017,1,49.14
O201307,P1042,2,47.98
O201307,P1073,2,26.06
O201308,P1044,1,14.35
O201308,P1014,1,9.0
O201309,P1112,1,51.89
O201309,P1015,2,48.33
O201310,P1020,4,52.19
O201311,P1030,1,28.68
O201311,P1037,1,16.21
O201312,P1019,3,17.58
O201313,P1002,5,10.85
O201313,P1034,4,30.83
O201314,P1073,2,27.16
O201314,P1117,1,21.02
O201314,P1007,2,37.69
O201315,P1074,1,18.62
O201315,P1007,1,40.19
O201316,P1119,2,15.1
O201317,P1019,2,15.94
O201317,P1057,2,43.9
O201317,P1022,3,62.53
O201317,P1044,1,13.81
O201317,P1064,4,42.95
O201318,P1030,2,29.64
O201318,P1045,5,7.99
O201318,P1098,2,30.82
O201319,P1009,1,46.34
O201319,P1018,1,64.54
O201319,P1083,2,15.98
O201320,P1048,1,42.64
O201321,P1068,1,50.39
O201322,P1035,2,154.53
O201322,P1105,1,49.31
O201322,P1044,1,16.0
O201322,P1048,6,38.76
O201323,P1015,3,47.66
O201323,P1088,3,28.56
O201324,P1052,4,15.08
O201324,P1097,1,20.69
O201324,P1068,2,49.86
O201325,P1067,1,56.02
O201326,P1027,1,14.2
O201327,P1104,5,115.96
O201327,P1081,1,65.76
O201327,P1106,1,10.23
O201327,P1053,1,40.38
O201327,P1062,4,38.1
O201328,P1080,1,18.47
O201328,P1022,3,68.46
O201329,P1096,5,19.36
O201330,P1037,2,14.3
O201331,P1035,1,141.92
O201331,P1001,4,54.13
O201332,P1103,1,24.06
O201333,P1030,1,29.41
O201333,P1085,3,52.8
O201334,P1002,1,11.14
O201335,P1040,3,23.79
O201335,P1060,1,12.16
O201335,P1028,1,20.85
O201336,P1048,3,44.05
O201337,P1041,4,63.23
O201337,P1029,6,26.97
O201337,P1084,3,17.13
O201337,P1073,2,27.34
O201337,P1081,3,60.12
O201338,P1040,1,29.21
O201339,P1062,1,38.78
O201339,P1023,1,114.35
O201340,P1036,1,52.91
O201341,P1019,1,17.91
O201341,P1055,1,13.24
O201341,P1081,2,57.46
O201342,P1043,2,33.71
O201342,P1095,3,67.67
O201342,P1073,2,23.28
O201342,P1099,1,71.53
O201342,P1003,3,34.61
O201343,P1002,6,12.21
O201343,P1102,1,24.34
O201343,P1046,1,24.84
O201344,P1087,3,27.99
O201344,P1068,2,53.31
O201345,P1047,3,66.36
O201345,P1044,2,15.84
O201346,P1108,4,136.72
O201346,P1109,1,
O201346,P1070,3,27.48
O201347,P1034,3,25.43
O201347,P1100,4,13.17
O201347,P1119,3,14.85
O201347,P1053,1,44.4
O201348,P1005,1,31.13
O201348,P1076,2,181.35
O201348,P1119,1,16.5
O201348,P1039,1,50.44
O201348,P1023,4,101.53
O201349,P1052,1,14.51
O201350,P1044,1,15.31
O201350,P1004,2,48.29
O201350,P1006,1,37.24
O201350,P1055,1,11.4
O201350,P1000,1,28.15
O201351,P1052,2,16.37
O201352,P1000,4,26.68
O201353,P1108,1,133.43
O201354,P1021,5,40.51
O201355,P1005,2,29.84
O201355,P1094,3,14.89
O201355,P1119,2,14.16
O201356,P1079,1,11.19
O201356,P1104,1,135.42
O201356,P1024,1,28.12
O201357,P1002,1,10.69
O201357,P1083,2,15.22
O201357,P1019,2,16.46
O201358,P1118,3,2.38
O201358,P1018,1,63.15
O201359,P1069,6,61.09
O201359,P1038,1,10.5
O201360,P1009,1,46.43
O201360,P1086,1,15.76
O201361,P1117,2,22.06
O201362,P1084,1,15.92
O201362,P1105,2,39.77
O201362,P1052,1,13.47
O201363,P1118,3,2.42
O201363,P1075,4,26.82
O201364,P1073,6,23.45
O201364,P1019,1,17.36
O201365,P1008,1,17.64
O201365,P1061,4,16.25
O201366,P1055,2,12.35
O201366,P1004,3,50.43
O201366,P1106,3,11.62
O201367,P1114,1,30.46
O201368,P1041,1,52.65
O201369,P1114,3,34.05
O201369,P1029,4,29.75
O201369,P1082,1,21.93
O201370,P1055,5,13.55
O201370,P1050,1,10.18
O201371,P1027,2,14.24
O201371,P1111,2,25.85
O201371,P1056,3,47.36
O201372,P1045,1,
O201373,P1006,2,31.21
O201374,P1092,3,6.25
O201374,P1049,1,11.55
O201374,P1067,1,58.15
O201375,P1032,1,21.72
O201375,P1077,2,9.46
O201376,P1098,2,35.0
O201376,P1116,2,12.27
O201377,P1009,1,42.29
O201378,P1055,5,12.47
O201379,P1107,1,44.34
O201379,P1100,1,10.66
O201380,P1114,1,34.87
O201381,P1116,2,12.49
O201381,P1019,2,16.19
O201381,P1041,1,64.88
O201382,P1076,1,164.41
O201382,P1021,4,
O201382,P1106,1,10.75
O201383,P1054,1,34.41
O201384,P1020,1,63.45
O201384,P1080,2,15.71
O201385,P1052,1,12.95
O201385,P1004,3,49.46
O201386,P1068,1,53.23
O201387,P1003,1,33.24
O201388,P1079,3,10.72
O201389,P1046,2,23.72
O201389,P1055,3,12.59
O201390,P1093,3,37.94
O201390,P1071,1,54.28
O201391,P1039,1,46.71
O201391,P1035,2,155.14
O201392,P1082,2,23.22
O201392,P1117,1,24.79
O201392,P1011,1,13.48
O201393,P1068,1,58.76
O201393,P1051,4,45.84
O201393,P1048,1,39.32
O201394,P1054,4,32.12
O201394,P1116,1,10.66
O201395,P1015,3,49.31
O201395,P1038,2,12.75
O201395,P1012,6,84.9
O201396,P1010,1,43.46
O201397,P1115,1,50.17
O201397,P1085,1,63.82
O201397,P1113,2,19.98
O201398,P1010,2,37.63
O201398,P1025,1,21.4
O201399,P1073,3,25.37
O201399,P1071,3,50.17
O201399,P1069,1,58.42
O201400,P1009,1,45.1
O201400,P1108,3,152.02
O201401,P1065,3,344.57
O201402,P1006,1,36.9
O201402,P1083,2,14.0
O201403,P1111,1,25.15
O201404,P1041,1,59.68
O201404,P1097,1,24.6
O201405,P1092,5,5.04
O201405,P1098,5,34.55
O201406,P1079,2,11.9
O201406,P1088,3,22.79
O201406,P1061,5,16.01
O201407,P1012,4,75.84
O201407,P1095,1,70.38
O201408,P1033,3,70.44
O201408,P1048,1,37.67
O201409,P1105,3,43.07
O201410,P1074,1,19.04
O201410,P1073,1,23.19
O201410,P1046,1,24.65
O201410,P1119,1,15.14
O201410,P1105,6,48.19
O201411,P1042,1,50.45
O201411,P1013,1,42.55
O201411,P1003,2,41.66
O201412,P1021,1,44.64
O201412,P1036,2,50.16
O201412,P1100,1,11.63
O201413,P1097,2,22.9
O201414,P1037,1,15.06
O201414,P1022,1,62.83
O201415,P1095,2,70.86
O201416,P1117,3,22.38
O201416,P1006,1,37.6
O201417,P1099,1,66.84
O201418,P1022,1,64.39
O201418,P1110,2,9.58
O201419,P1078,4,59.92
O201419,P1055,2,14.43
O201420,P1116,1,10.94
O201421,P1108,1,138.72
O201421,P1009,1,40.57
O201422,P1048,2,40.22
O201422,P1042,1,45.44
O201422,P1005,1,26.33
O201423,P1025,1,22.22
O201424,P1117,2,23.72
O201424,P1001,1,51.32
O201424,P1073,1,25.84
O201425,P1036,1,47.59
O201426,P1003,6,41.82
O201427,P1021,1,42.96
O201428,P1106,2,10.8
O201428,P1101,2,22.01
O201428,P1022,4,70.89
O201429,P1085,1,63.14
O201430,P1047,1,69.82
O201430,P1054,1,34.05
O201430,P1045,1,9.42
O201431,P1047,2,61.76
O201431,P1010,1,39.27
O201432,P1056,1,45.1
O201433,P1007,1,44.06
O201433,P1063,1,49.67
O201434,P1077,3,9.45
O201435,P1098,3,33.27
O201435,P1036,1,54.75
O201435,P1043,2,35.72
O201436,P1039,1,47.09
O201437,P1075,1,30.23
O201438,P1003,1,37.73
O201438,P1057,2,52.41
O201438,P1001,1,53.31
O201439,P1046,1,22.88
O201439,P1051,1,40.98
O201439,P1001,4,44.84
O201439,P1079,2,10.13
O201440,P1001,1,50.28
O201441,P1025,5,18.61
O201441,P1067,1,50.53
O201441,P1046,2,27.27
O201442,P1023,1,112.14
O201443,P1016,2,19.99
O201443,P1003,1,
O201443,P1013,1,46.68
O201444,P1026,1,15.37
O201444,P1107,1,46.66
O201445,P1003,1,33.38
O201446,P1040,1,28.12
O201447,P1043,1,31.17
O201448,P1002,6,12.89
O201449,P1014,3,10.32
O201450,P1101,3,19.7
O201450,P1000,3,27.67
O201451,P1054,1,36.41
O201451,P1080,1,14.96
O201451,P1058,2,51.68
O201451,P1042,2,50.39
O201451,P1043,1,29.6
O201452,P1119,3,17.31
O201453,P1084,4,17.3
O201453,P1025,1,23.6
O201454,P1039,1,50.27
O201454,P1093,5,35.0
O201455,P1018,1,59.19
O201455,P1107,1,44.0
O201455,P1006,1,31.6
O201455,P1070,1,25.93
O201456,P1077,1,9.49
O201456,P1045,1,8.12
O201457,P1074,1,17.67
O201457,P1023,2,95.04
O201458,P1088,3,25.25
O201458,P1048,1,47.35
O201459,P1024,3,29.56
O201460,P1088,1,25.58
O201461,P1077,1,8.94
O201462,P1006,1,37.0
O201463,P1058,1,48.64
O201463,P1055,1,14.47
O201464,P1119,1,15.21
O201465,P1099,4,75.89
O201465,P1057,2,48.49
O201466,P1097,6,19.63
O201467,P1048,3,42.57
O201467,P1024,1,30.92
O201467,P1047,5,59.61
O201467,P1007,2,42.45
O201468,P1104,1,113.67
O201468,P1015,1,44.44
O201468,P1029,1,30.46
O201468,P1003,1,33.09
O201469,P1106,1,11.75
O201470,P1000,2,
O201471,P1088,2,27.75
O201471,P1060,5,10.59
O201472,P1093,1,33.16
O201473,P1083,1,12.89
O201474,P1082,1,26.91
O201475,P1059,4,82.18
O201475,P1110,1,8.8
O201475,P1091,1,37.27
O201475,P1012,5,96.69
O201476,P1107,2,46.07
O201476,P1068,1,53.63
O201476,P1001,1,47.59
O201477,P1110,3,10.58
O201477,P1111,2,22.74
O201478,P1008,4,18.99
O201478,P1046,1,26.44
O201479,P1029,3,28.59
O201479,P1051,2,50.09
O201479,P1033,1,66.01
O201479,P1041,1,52.59
O201480,P1044,2,16.54
O201480,P1106,1,10.3
O201480,P1061,1,15.86
O201480,P1068,5,56.5
O201481,P1000,1,32.19
O201481,P1104,2,130.67
O201481,P1061,1,20.06
O201481,P1037,1,14.1
O201482,P1098,1,31.21
O201483,P1084,2,16.74
O201484,P1032,4,20.93
O201484,P1089,1,46.41
O201485,P1004,1,51.7
O201485,P1035,5,170.95
O201486,P1101,2,20.03
O201487,P1038,3,11.79
O201488,P1019,3,18.49
O201488,P1053,2,45.19
O201488,P1057,1,44.34
O201489,P1038,1,12.47
O201489,P1101,1,22.81
O201489,P1060,2,12.49
O201490,P1027,3,11.88
O201491,P1063,2,47.28
O201491,P1005,1,28.42
O201491,P1086,2,17.78
O201491,P1026,1,12.44
O201492,P1005,4,28.23
O201492,P1054,1,40.15
O201493,P1092,2,6.11
O201493,P1058,4,48.16
O201493,P1027,4,11.91
O201494,P1086,3,15.69
O201495,P1036,1,49.79
O201496,P1116,3,12.49
O201497,P1092,2,6.1
O201497,P1070,3,32.79
O201498,P1091,1,35.51
O201498,P1050,1,9.91
O201499,P1119,1,14.5
O201500,P1004,1,48.28
O201500,P1093,2,38.74
O201500,P1103,2,21.48
O201500,P1005,2,27.66
O201500,P1048,1,42.74
O201501,P1037,4,15.77
O201502,P1059,1,70.99
O201503,P1084,1,17.5
O201503,P1117,5,24.09
O201504,P1066,1,48.19
O201504,P1001,4,44.92
O201505,P1040,2,27.57
O201506,P1010,1,42.34
O201506,P1092,2,5.92
O201506,P1026,3,12.22
O201507,P1009,2,43.74
O201507,P1066,1,56.9
O201508,P1038,1,11.56
O201508,P1081,2,58.97
O201509,P1001,2,46.19
O201509,P1050,2,11.95
O201510,P1116,1,12.94
O201511,P1086,1,14.56
O201511,P1030,1,25.47
O201512,P1108,2,143.54
O201512,P1037,2,13.51
O201512,P1033,1,81.3
O201513,P1006,2,33.75
O201514,P1097,3,21.06
O201515,P1097,4,24.32
O201515,P1065,1,340.62
O201515,P1109,4,63.57
O201515,P1096,1,18.36
O201516,P1080,3,15.15
O201517,P1078,1,56.97
O201517,P1043,4,33.88
O201518,P1063,1,51.6
O201518,P1096,3,18.99
O201518,P1089,1,45.22
O201518,P1039,2,41.97
O201518,P1014,1,10.11
O201519,P1083,1,12.64
O201520,P1000,1,29.29
O201521,P1031,1,52.79
O201521,P1019,1,17.01
O201521,P1028,5,24.17
O201522,P1086,2,17.62
O201522,P1033,1,82.62
O201522,P1026,5,14.6
O201523,P1075,1,26.92
O201523,P1025,1,23.24
O201524,P1077,1,8.6
O201524,P1018,1,66.56
O201525,P1037,1,14.43
O201525,P1028,1,22.81
O201525,P1040,1,25.1
O201526,P1052,2,13.25
O201526,P1030,1,28.86
O201526,P1096,1,16.89
O201527,P1066,2,46.98
O201528,P1098,3,31.23
O201529,P1034,3,26.17
O201529,P1041,1,65.51
O201530,P1067,2,58.21
O201530,P1018,1,61.4
O201530,P1095,2,61.99
O201531,P1051,1,47.82
O201531,P1093,4,37.58
O201531,P1012,2,90.75
O201531,P1096,1,19.84
O201532,P1054,1,34.84
O201532,P1087,3,26.26
O201532,P1071,1,50.83
O201532,P1089,1,50.22
O201533,P1037,3,16.46
O201533,P1067,2,49.73
O201533,P1055,2,12.87
O201534,P1035,6,148.97
O201534,P1007,1,40.72
O201535,P1033,1,69.1
O201536,P1024,2,27.74
O201536,P1035,3,166.04
O201536,P1094,1,13.48
O201537,P1000,2,26.24
O201537,P1048,1,41.28
O201537,P1045,1,8.15
O201538,P1079,1,11.16
O201538,P1007,1,45.52
O201539,P1116,1,13.71
O201540,P1062,2,43.36
O201540,P1079,1,11.51
O201540,P1018,2,57.7
O201540,P1072,1,19.83
O201541,P1025,1,23.61
O201541,P1070,4,29.18
O201542,P1028,1,23.25
O201543,P1064,1,38.34
O201543,P1059,2,73.44
O201544,P1020,1,59.48
O201544,P1034,1,28.12
O201545,P1084,2,16.43
O201546,P1043,1,34.09
O201546,P1101,5,
O201546,P1108,2,148.06
O201547,P1012,5,93.45
O201548,P1094,4,15.17
O201549,P1029,1,29.53
O201550,P1115,1,50.78
O201550,P1065,3,351.79
O201550,P1059,1,69.64
O201551,P1113,6,18.01
O201551,P1104,5,134.84
O201551,P1051,5,43.22
O201551,P1007,1,35.66
O201552,P1067,3,58.94
O201552,P1000,2,27.91
O201552,P1009,1,41.49
O201553,P1098,1,32.86
O201553,P1030,1,29.55
O201553,P1111,1,25.11
O201553,P1079,1,11.72
O201554,P1040,1,26.92
O201555,P1110,1,10.39
O201556,P1048,1,43.13
O201556,P1067,5,54.85
O201557,P1024,1,31.36
O201558,P1098,4,31.46
O201558,P1077,1,8.44
O201558,P1095,3,57.77
O201559,P1117,2,24.65
O201559,P1019,3,17.89
O201560,P1039,1,41.54
O201560,P1114,4,30.07
O201560,P1048,1,43.17
O201560,P1013,1,47.83
O201560,P1058,1,47.38
O201561,P1106,5,12.74
O201562,P1039,1,42.6
O201562,P1094,2,13.34
O201563,P1111,1,26.64
O201563,P1036,1,53.25
O201564,P1090,1,158.38
O201565,P1016,5,19.1
O201565,P1105,2,43.38
O201566,P1012,1,78.15
O201567,P1026,1,13.67
O201568,P1105,5,45.24
O201569,P1118,1,2.79
O201570,P1095,1,68.3
O201570,P1086,1,18.49
O201571,P1058,3,55.89
O201572,P1084,4,17.44
O201573,P1097,1,20.41
O201574,P1100,1,10.73
O201575,P1011,2,13.61
O201576,P1078,1,58.28
O201577,P1016,2,17.04
O201577,P1112,1,54.75
O201578,P1035,2,161.53
O201578,P1118,1,2.22
O201579,P1046,2,25.61
O201579,P1001,1,45.38
O201580,P1103,1,25.88
O201580,P1066,1,50.49
O201580,P1022,2,71.05
O201581,P1118,2,2.67
O201581,P1055,1,12.75
O201582,P1081,2,64.34
O201582,P1087,1,29.25
O201583,P1113,5,18.92
O201583,P1053,4,38.65
O201583,P1077,1,8.52
O201584,P1064,3,44.46
O201585,P1046,2,24.59
O201585,P1035,1,148.32
O201586,P1046,3,21.79
O201587,P1058,4,56.04
O201588,P1071,1,51.45
O201588,P1028,1,23.7
O201588,P1043,1,28.56
O201589,P1077,1,8.09
O201590,P1045,2,8.92
O201591,P1091,1,37.62
O201592,P1111,1,27.01
O201593,P1060,2,12.87
O201594,P1113,4,17.04
O201594,P1079,1,11.29
O201595,P1013,1,46.47
O201595,P1094,3,16.53
O201595,P1034,1,31.27
O201596,P1095,1,55.03
O201596,P1066,1,52.31
O201596,P1088,3,24.67
O201597,P1025,1,18.5
O201598,P1044,2,
O201598,P1021,1,43.17
O201598,P1015,1,51.93
O201598,P1110,1,9.43
O201598,P1099,1,74.62
O201599,P1096,2,20.98
O201599,P1095,4,63.11
O201600,P1028,2,21.46
O201601,P1042,1,44.96
O201601,P1081,3,64.42
O201601,P1061,2,19.19
O201602,P1052,2,13.49
O201602,P1042,2,42.97
O201603,P1094,3,13.11
O201603,P1024,2,29.49
O201603,P1077,1,8.49
O201604,P1063,1,48.22
O201605,P1058,1,52.71
O201605,P1074,1,16.8
O201606,P1073,3,21.99
O201606,P1038,1,11.86
O201606,P1102,1,25.76
O201607,P1089,1,47.82
O201607,P1042,2,50.98
O201608,P1105,3,46.82
O201608,P1101,1,21.14
O201609,P1115,3,55.9
O201609,P1041,3,51.92
O201610,P1100,1,
O201610,P1007,3,41.2
O201610,P1023,1,93.56
O201611,P1098,3,30.49
O201612,P1047,5,69.74
O201612,P1002,1,12.09
O201613,P1109,1,67.71
O201614,P1000,1,26.44
O201614,P1108,6,135.97
O201615,P1047,2,64.21
O201615,P1084,2,15.57
O201615,P1008,2,19.62
O201616,P1039,1,43.38
O201617,P1017,1,55.0
O201617,P1023,2,117.13
O201618,P1078,1,60.06
O201619,P1051,2,41.22
O201620,P1097,2,19.82
O201621,P1062,4,37.89
O201622,P1098,1,29.65
O201623,P1104,3,116.0
O201624,P1064,1,36.17
O201624,P1018,1,57.89
O201624,P1098,2,33.64
O201625,P1078,1,53.22
O201625,P1101,1,21.73
O201625,P1013,1,46.62
O201626,P1056,1,48.47
O201626,P1013,1,46.23
O201627,P1072,2,19.81
O201628,P1081,1,71.63
O201628,P1071,6,53.0
O201628,P1055,1,14.42
O201628,P1018,2,60.66
O201629,P1098,2,34.79
O201629,P1052,2,16.42
O201630,P1037,1,13.13
O201631,P1098,4,30.08
O201631,P1046,2,26.19
O201631,P1002,2,12.81
O201632,P1069,2,51.82
O201633,P1066,2,56.99
O201633,P1019,1,17.59
O201634,P1081,2,63.15
O201634,P1069,1,63.05
O201635,P1097,1,20.42
O201636,P1046,1,24.42
O201636,P1053,1,42.36
O201636,P1066,1,47.07
O201637,P1085,1,56.48
O201638,P1023,2,98.04
O201639,P1098,6,32.63
O201639,P1078,1,55.41
O201639,P1115,3,49.91
O201639,P1092,1,5.52
O201640,P1003,2,38.36
O201640,P1020,1,60.21
O201640,P1060,1,12.85
O201640,P1091,6,36.55
O201641,P1114,3,33.58
O201641,P1058,4,48.68
O201642,P1019,4,19.15
O201642,P1027,4,15.0
O201643,P1006,2,35.74
O201644,P1103,2,22.36
O201644,P1063,2,44.78
O201644,P1045,1,9.4
O201645,P1047,2,59.76
O201646,P1105,2,39.35
O201647,P1033,2,80.69
O201647,P1061,3,20.05
O201648,P1052,3,13.63
O201649,P1107,3,41.42
O201650,P1029,4,28.7
O201651,P1091,1,39.71
O201652,P1016,1,18.47
O201653,P1110,3,10.74
O201654,P1099,2,66.53
O201655,P1119,1,16.47
O201655,P1061,2,16.32
O201656,P1119,2,13.75
O201656,P1012,3,84.06
O201656,P1036,1,54.14
O201657,P1037,1,15.95
O201657,P1097,4,23.39
O201658,P1111,5,28.25
O201658,P1022,3,64.99
O201659,P1054,4,38.43
O201660,P1034,3,27.66
O201661,P1079,3,11.32
O201662,P1039,3,42.01
O201662,P1113,6,19.15
O201663,P1003,1,38.95
O201663,P1072,2,16.32
O201663,P1039,4,45.33
O201664,P1077,4,9.0
O201664,P1093,1,35.0
O201665,P1048,1,40.36
O201666,P1105,1,48.82
O201667,P1094,1,15.59
O201667,P1113,1,19.56
O201667,P1079,1,10.37
O201668,P1083,1,15.72
O201669,P1029,3,27.59
O201669,P1094,2,15.92
O201669,P1006,2,35.38
O201670,P1069,1,60.92
O201670,P1016,1,20.7
O201671,P1089,1,50.35
O201671,P1087,6,30.86
O201671,P1090,2,124.97
O201672,P1003,3,34.21
O201672,P1035,1,148.24
O201672,P1075,1,30.77
O201672,P1086,1,17.54
O201673,P1034,4,26.94
O201673,P1063,1,48.24
O201673,P1083,3,15.91
O201673,P1027,2,13.13
O201674,P1003,1,38.26
O201674,P1109,1,62.64
O201675,P1000,2,33.36
O201675,P1113,3,18.46
O201676,P1015,1,52.3
O201677,P1024,1,33.26
O201677,P1013,1,41.5
O201677,P1046,2,26.6
O201677,P1109,5,58.77
O201678,P1058,1,55.21
O201678,P1086,2,15.4
O201679,P1057,3,50.35
O201680,P1027,2,13.61
O201681,P1067,3,52.47
O201682,P1025,1,21.73
O201682,P1043,1,30.75
O201683,P1087,1,26.6
O201683,P1022,1,56.46
O201684,P1020,4,64.65
O201685,P1107,1,47.16
O201686,P1024,1,32.74
O201686,P1093,4,33.33
O201686,P1074,3,21.23
O201686,P1018,2,65.21
O201687,P1047,4,55.7
O201687,P1097,1,23.39
O201687,P1106,2,12.72
O201688,P1048,2,37.67
O201688,P1037,1,13.98
O201688,P1058,5,57.65
O201689,P1033,1,66.55
O201690,P1052,4,14.67
O201690,P1064,1,40.95
O201690,P1011,1,14.56
O201691,P1101,2,24.57
O201691,P1038,1,11.36
O201692,P1036,2,46.96
O201693,P1115,2,49.24
O201694,P1067,1,56.44
O201695,P1055,2,13.9
O201696,P1061,1,17.79
O201696,P1021,1,40.08
O201696,P1035,1,150.33
O201696,P1051,1,40.38
O201696,P1109,4,64.25
O201697,P1086,3,15.3
O201698,P1045,3,9.25
O201699,P1100,1,11.73
O201699,P1004,4,48.48
O201700,P1117,2,20.45
O201701,P1071,1,46.31
O201701,P1015,2,47.98
O201702,P1056,2,45.76
O201703,P1015,4,44.44
O201703,P1118,5,2.76
O201703,P1090,1,124.75
O201704,P1035,1,143.95
O201705,P1090,1,152.35
O201705,P1054,2,33.18
O201706,P1062,3,36.29
O201706,P1079,2,11.34
O201707,P1108,5,131.37
O201707,P1053,5,39.23
O201707,P1102,1,26.76
O201708,P1081,1,66.87
O201708,P1031,3,59.41
O201708,P1084,1,15.43
O201709,P1119,3,15.73
O201709,P1024,1,28.98
O201710,P1046,3,26.91
O201711,P1084,1,18.17
O201711,P1022,2,69.29
O201712,P1015,6,54.57
O201712,P1064,1,42.47
O201712,P1034,1,32.21
O201713,P1071,2,52.5
O201713,P1088,1,27.64
O201713,P1040,1,26.35
O201714,P1080,1,15.47
O201715,P1032,1,22.09
O201716,P1098,1,36.16
O201716,P1059,2,81.27
O201716,P1067,1,50.44
O201717,P1032,3,22.05
O201718,P1013,1,48.05
O201719,P1081,1,62.64
O201720,P1117,2,24.11
O201720,P1026,2,12.68
O201721,P1026,2,13.3
O201721,P1075,2,27.69
O201721,P1110,1,8.79
O201721,P1065,1,366.36
O201721,P1086,2,14.54
O201722,P1070,1,27.27
O201722,P1112,1,52.66
O201723,P1086,2,15.99
O201724,P1026,1,14.82
O201725,P1009,1,39.4
O201726,P1028,5,24.63
O201726,P1060,1,11.22
O201727,P1065,1,306.62
O201727,P1044,4,16.2
O201728,P1002,1,11.88
O201729,P1110,1,10.32
O201729,P1036,1,55.09
O201730,P1073,3,24.01
O201730,P1031,5,62.45
O201730,P1065,2,327.06
O201731,P1043,1,28.95
O201732,P1000,2,33.02
O201733,P1082,2,21.61
O201733,P1095,1,60.6
O201733,P1032,1,22.53
O201733,P1101,2,21.95
O201733,P1104,2,139.54
O201734,P1003,1,35.1
O201735,P1073,1,24.07
O201735,P1025,5,23.59
O201735,P1064,1,40.01
O201736,P1027,2,14.41
O201736,P1066,1,50.46
O201737,P1094,1,13.43
O201737,P1087,1,31.04
O201737,P1103,1,25.14
O201738,P1064,1,38.52
O201738,P1042,2,43.42
O201738,P1091,2,38.51
O201739,P1067,1,56.84
O201739,P1020,2,55.53
O201740,P1069,3,53.79
O201740,P1047,2,68.51
O201740,P1023,1,115.87
O201741,P1108,4,138.68
O201741,P1035,2,146.77
O201741,P1041,2,62.07
O201741,P1066,1,60.05
O201742,P1059,1,78.77
O201742,P1112,1,54.15
O201743,P1000,3,32.24
O201744,P1083,1,15.16
O201745,P1061,2,16.47
O201745,P1108,3,165.35
O201745,P1058,1,57.15
O201746,P1080,3,16.65
O201746,P1092,1,5.23
O201747,P1025,6,21.82
O201748,P1101,5,24.58
O201749,P1067,3,57.79
O201749,P1010,4,35.04
O201750,P1003,1,39.47
O201751,P1088,1,24.59
O201751,P1026,1,12.74
O201752,P1005,4,27.42
O201752,P1009,2,39.88
O201752,P1034,3,32.28
O201753,P1083,2,13.63
O201753,P1014,3,10.77
O201754,P1006,1,36.88
O201755,P1083,1,14.72
O201756,P1097,1,23.08
O201757,P1059,1,69.62
O201758,P1003,1,37.13
O201758,P1025,2,23.49
O201759,P1116,4,13.61
O201759,P1106,4,12.2
O201760,P1016,1,17.44
O201761,P1114,1,30.46
O201762,P1003,1,39.65
O201763,P1011,2,16.39
O201763,P1102,3,22.43
O201763,P1052,1,13.41
O201763,P1056,1,46.79
O201763,P1004,4,51.41
O201764,P1006,1,34.0
O201764,P1014,4,10.44
O201765,P1053,2,43.19
O201765,P1070,1,28.09
O201765,P1048,3,44.82
O201766,P1056,1,40.22
O201766,P1114,4,34.45
O201766,P1098,1,33.84
O201767,P1060,4,11.6
O201767,P1034,3,31.05
O201768,P1077,1,9.7
O201768,P1071,3,58.03
O201769,P1096,3,19.64
O201770,P1070,3,32.3
O201770,P1041,4,64.22
O201771,P1019,1,16.81
O201772,P1013,3,42.95
O201772,P1002,2,13.3
O201772,P1033,1,83.86
O201773,P1048,2,46.76
O201774,P1099,4,63.02
O201774,P1106,1,10.66
O201774,P1051,1,45.2
O201775,P1042,1,41.6
O201776,P1035,2,135.54
O201776,P1069,1,55.36
O201776,P1114,4,28.72
O201777,P1065,1,319.66
O201778,P1004,1,42.36
O201778,P1036,4,51.29
O201779,P1084,1,19.28
O201779,P1064,2,42.52
O201780,P1037,1,14.06
O201781,P1046,1,26.46
O201781,P1039,1,46.45
O201782,P1068,3,47.52
O201782,P1049,4,12.41
O201782,P1104,2,140.46
O201782,P1006,1,29.26
O201783,P1030,1,29.35
O201784,P1027,1,13.59
O201784,P1095,3,67.31
O201784,P1114,5,34.14
O201784,P1100,3,11.6
O201785,P1097,1,21.13
O201785,P1095,2,66.17
O201786,P1026,3,12.52
O201786,P1085,1,52.53
O201786,P1088,1,26.85
O201787,P1045,4,9.4
O201788,P1088,1,27.74
O201788,P1073,1,26.95
O201789,P1038,2,12.78
O201789,P1045,1,9.55
O201789,P1073,3,25.6
O201790,P1111,5,27.54
O201791,P1054,1,32.79
O201791,P1009,2,37.16
O201792,P1045,2,8.47
O201793,P1070,1,30.95
O201794,P1090,1,158.78
O201794,P1013,2,49.72
O201795,P1028,2,23.96
O201795,P1051,2,44.55
O201796,P1005,1,30.73
O201796,P1112,4,63.51
O201797,P1083,3,15.42
O201798,P1098,1,35.71
O201799,P1070,1,30.93
