order_id,customer_id,order_date,channel,coupon_code,shipping_cost
O200000,C5218,2024-06-02,web,,1.91
O200001,C5175,2024-03-17,app,,5.22
O200002,C5340,2024-05-23,web,VIP20,4.82
O200003,C5232,2024-04-19,web,,6.91
O200004,C5150,2024-05-07,web,,7.0
O200005,C5276,2024-05-09,tienda,,9.0
O200006,C5228,2024-03-07,tienda,WELCOME,6.12
O200007,C5170,2024-05-22,web,,1.26
O200008,C5222,2024-02-27,web,,10.3
O200009,C5212,2024-03-15,web,,3.72
O200010,C5281,2024-05-09,web,VIP20,11.66
O200011,C5040,2024-03-05,web,VIP20,1.41
O200012,C5121,2024-02-08,app,DESC10,11.5
O200013,C5226,2024-04-27,app,,1.09
O200014,C5293,2024-02-18,tienda,,2.77
O200015,C5087,2024-05-13,web,WELCOME,0.56
O200016,C5266,2024-03-30,app,,8.46
O200017,C5028,2024-04-27,app,,10.2
O200018,C5246,2024-04-26,web,,5.21
O200019,C5315,2024-05-17,web,,11.14
O200020,C5243,2024-05-10,web,,7.08
O200021,C5060,2024-03-05,web,,7.56
O200022,C5146,2024-04-01,web,WELCOME,10.15
O200023,C5173,2024-04-26,app,,3.56
O200024,C5277,2024-06-25,web,,4.25
O200025,C5333,2024-05-11,tienda,DESC10,10.87
O200026,C5141,2024-06-19,web,DESC10,10.81
O200027,C5043,2024-04-29,tienda,DESC10,11.72
O200028,C5143,2024-06-05,web,VIP20,10.82
O200029,C5332,2024-04-23,app,,1.53
O200030,C5054,2024-06-02,web,,9.88
O200031,C5306,2024-03-28,web,DESC10,4.92
O200032,C5160,2024-07-03,tienda,VIP20,11.89
O200033,C5284,2024-05-04,web,,5.67
O200034,C5324,2024-02-23,app,,6.65
O200035,C5197,2024-04-28,app,,6.36
O200036,C5158,2024-05-11,web,,3.86
O200037,C5079,2024-05-24,web,,0.9
O200038,C5030,2024-07-29,app,FREESHIP,10.75
O200039,C5111,2024-03-22,web,VIP20,9.63
O200040,C5045,2024-07-30,app,,1.67
O200041,C5204,2024-04-12,tienda,,9.32
O200042,C5051,2024-03-14,web,FREESHIP,7.51
O200043,C5137,2024-03-23,web,FREESHIP,4.91
O200044,C5073,2024-05-08,app,FREESHIP,3.05
O200045,C5040,2024-03-09,web,,10.32
O200046,C5076,2024-03-29,web,FREESHIP,8.4
O200047,C5186,2024-04-27,web,DESC10,6.57
O200048,C5051,2024-07-03,app,,7.31
O200049,C5086,2024-05-23,web,,1.09
O200050,C5108,2024-04-13,web,,5.69
O200051,C5224,2024-05-07,app,,2.32
O200052,C5247,2024-04-22,web,VIP20,2.5
O200053,C5068,2024-03-01,web,,7.94
O200054,C5119,2024-07-16,tienda,WELCOME,10.94
O200055,C5066,2024-07-04,app,DESC10,4.85
O200056,C5060,2024-04-08,app,,2.49
O200057,C5326,2024-03-24,web,WELCOME,7.78
O200058,C5190,2024-03-01,app,,10.45
O200059,C5188,2024-05-11,web,FREESHIP,8.98
O200060,C5150,2024-05-11,web,,10.43
O200061,C5285,2024-03-12,web,VIP20,6.44
O200062,C5095,2024-04-23,web,VIP20,9.02
O200063,C5311,2024-05-21,app,,1.68
O200064,C5308,2024-03-22,web,,4.18
O200065,C5262,2024-04-03,app,,4.67
O200066,C5096,2024-04-03,app,DESC10,6.14
O200067,C5112,2024-03-14,app,VIP20,11.15
O200068,C5124,2024-04-04,web,WELCOME,10.49
O200069,C5131,2024-02-18,app,,1.61
O200070,C5120,2024-04-01,web,,2.07
O200071,C5196,2024-04-01,web,,4.29
O200072,C5293,2024-04-09,tienda,,3.49
O200073,C5121,2024-05-03,web,DESC10,7.38
O200074,C5281,2024-02-28,web,,10.83
O200075,C5259,2024-03-04,tienda,,11.55
O200076,C5038,2024-03-13,web,DESC10,7.84
O200077,C5053,2024-02-25,app,DESC10,10.06
O200078,C5160,2024-05-09,web,DESC10,6.3
O200079,C5288,2024-03-20,web,,2.5
O200080,C5199,2024-04-10,web,,6.3
O200081,C5275,2024-03-10,web,,6.66
O200082,C5015,2024-03-28,web,,8.91
O200083,C5172,2024-04-25,app,,2.64
O200084,C5247,2024-04-27,app,,4.42
O200085,C5217,2024-03-05,tienda,,4.37
O200086,C5086,2024-04-08,web,,11.51
O200087,C5081,2024-03-11,app,,5.33
O200088,C5061,2024-04-07,app,DESC10,9.06
O200089,C5286,2024-03-18,tienda,,9.01
O200090,C5041,2024-07-21,web,VIP20,3.19
O200091,C5011,2024-05-21,app,,6.86
O200092,C5320,2024-04-29,tienda,FREESHIP,10.73
O200093,C5233,2024-03-31,web,DESC10,5.7
O200094,C5328,2024-05-22,tienda,VIP20,11.34
O200095,C5130,2024-04-09,web,,2.57
O200096,C5114,2024-07-12,app,,0.89
O200097,C5217,2024-05-28,tienda,FREESHIP,10.7
O200098,C5136,2024-03-28,app,VIP20,10.17
O200099,C5105,2024-07-03,web,WELCOME,11.91
O200100,C5178,2024-03-31,web,,8.15
O200101,C5015,2024-07-26,tienda,,11.24
O200102,C5241,2024-07-07,web,FREESHIP,9.92
O200103,C5333,2024-04-25,web,,10.13
O200104,C5225,2024-02-19,app,,6.83
O200105,C5241,2024-04-21,web,VIP20,4.59
O200106,C5140,2024-03-02,web,,11.21
O200107,C5198,2024-03-19,web,,5.19
O200108,C5111,2024-03-21,web,,6.47
O200109,C5126,2024-03-02,app,,5.35
O200110,C5020,2024-04-21,app,DESC10,6.78
O200111,C5146,2024-03-15,app,VIP20,5.65
O200112,C5088,2024-04-02,app,DESC10,0.58
O200113,C5302,2024-03-21,tienda,,10.58
O200114,C5202,2024-05-04,app,,5.33
O200115,C5084,2024-04-30,web,,7.07
O200116,C5166,2024-03-30,app,FREESHIP,1.67
O200117,C5071,2024-05-06,web,,0.04
O200118,C5297,2024-06-13,app,,2.94
O200119,C5008,2024-02-06,app,VIP20,8.46
O200120,C5280,2024-03-19,web,FREESHIP,1.19
O200121,C5257,2024-03-07,tienda,DESC10,10.91
O200122,C5274,2024-03-16,web,DESC10,2.58
O200123,C5237,2024-02-03,app,,2.46
O200124,C5019,2024-02-05,web,VIP20,2.18
O200125,C5232,2024-01-24,tienda,DESC10,0.17
O200126,C5220,2024-03-23,web,DESC10,9.26
O200127,C5325,2024-03-22,web,WELCOME,10.5
O200128,C5016,2024-06-22,web,VIP20,7.37
O200129,C5088,2024-04-18,web,DESC10,2.26
O200130,C5195,2024-02-05,web,,3.42
O200131,C5349,2024-05-05,app,,5.71
O200132,C5083,2025-01-14,web,,11.45
O200133,C5086,2024-02-06,web,,2.97
O200134,C5306,2024-07-14,web,,8.78
O200135,C5337,2024-04-10,app,,5.27
O200136,C5153,2024-03-25,app,,3.57
O200137,C5227,2024-03-20,app,,5.47
O200138,C5263,2024-04-26,app,,0.85
O200139,C5222,2024-03-26,web,,9.58
O200140,C5120,2024-03-01,web,FREESHIP,2.92
O200141,C5172,2024-03-21,web,FREESHIP,8.7
O200142,C5003,2024-04-28,app,,0.82
O200143,C5341,2024-05-14,tienda,FREESHIP,11.46
O200144,C5127,2024-07-22,web,FREESHIP,2.32
O200145,C5109,2024-04-16,web,FREESHIP,10.59
O200146,C5036,2024-06-17,web,,9.71
O200147,C5070,2024-04-03,web,,11.61
O200148,C5288,2024-04-09,app,FREESHIP,5.73
O200149,C5030,2024-04-07,web,,8.73
O200150,C5267,2024-04-21,tienda,,4.45
O200151,C5010,2024-05-23,web,WELCOME,2.21
O200152,C5343,2024-03-24,tienda,,5.32
O200153,C5327,2024-03-09,app,,1.99
O200154,C5031,2024-05-28,app,FREESHIP,11.78
O200155,C5056,2024-05-24,app,DESC10,1.15
O200156,C5165,2024-06-28,app,,7.07
O200157,C5187,2024-03-19,app,VIP20,7.52
O200158,C5341,2024-04-02,app,,6.46
O200159,C5018,2024-05-30,app,WELCOME,7.95
O200160,C5115,2024-03-24,tienda,,1.39
O200161,C5183,2024-05-11,app,,6.66
O200162,C5269,2024-04-04,app,,3.45
O200163,C5032,2024-04-26,tienda,VIP20,11.28
O200164,C5009,2024-03-01,web,,9.14
O200165,C5079,2024-04-15,web,FREESHIP,11.67
O200166,C5191,2024-01-21,web,DESC10,0.45
O200167,C5319,2024-06-11,app,FREESHIP,3.42
O200168,C5189,2024-05-19,app,,2.35
O200169,C5067,2024-03-07,web,,0.13
O200170,C5347,2024-07-15,app,VIP20,2.91
O200171,C5124,2024-06-07,app,DESC10,8.15
O200172,C5335,2024-03-02,web,,2.77
O200173,C5058,2024-03-21,app,VIP20,6.11
O200174,C5096,2024-03-04,app,VIP20,10.65
O200175,C5274,2024-04-27,web,DESC10,8.33
O200176,C5148,2024-03-20,app,,4.74
O200177,C5277,2024-02-10,app,,4.47
O200178,C5264,2024-04-09,web,,5.47
O200179,C5008,2024-05-26,web,WELCOME,2.12
O200180,C5282,2024-04-16,tienda,WELCOME,7.61
O200181,C5272,2024-05-07,web,FREESHIP,4.37
O200182,C5300,2024-04-20,web,,10.23
O200183,C5007,2024-05-16,web,DESC10,9.08
O200184,C5207,2024-04-24,app,,7.33
O200185,C5124,2024-04-06,app,DESC10,4.37
O200186,C5122,2024-04-16,app,VIP20,2.52
O200187,C5032,2024-06-30,web,FREESHIP,9.31
O200188,C5000,2024-05-10,tienda,,5.84
O200189,C5203,2024-03-07,web,VIP20,2.7
O200190,C5005,2024-04-15,web,,2.34
O200191,C5296,2024-04-26,web,,1.98
O200192,C5004,2024-04-05,web,,9.33
O200193,C5079,2024-02-10,tienda,DESC10,2.75
O200194,C5273,2024-03-10,tienda,,6.32
O200195,C5176,2024-03-26,web,VIP20,5.42
O200196,C5337,2024-07-25,tienda,DESC10,6.96
O200197,C5320,2024-05-04,app,FREESHIP,10.53
O200198,C5338,2024-02-19,tienda,VIP20,10.41
O200199,C5135,2024-04-08,web,,5.41
O200200,C5024,2024-06-19,app,,0.18
O200201,C5324,2024-03-19,web,DESC10,5.12
O200202,C5182,2024-06-02,app,,7.27
O200203,C5167,2024-02-19,web,DESC10,6.69
O200204,C5337,2024-01-23,app,VIP20,7.82
O200205,C5177,2024-06-11,web,WELCOME,1.85
O200206,C5094,2024-03-24,web,WELCOME,7.76
O200207,C5032,2024-02-11,app,DESC10,2.19
O200208,C5110,2024-03-27,tienda,FREESHIP,9.01
O200209,C5145,2024-04-20,app,,4.07
O200210,C5230,2024-05-02,tienda,,8.52
O200211,C5271,2024-01-29,web,,0.57
O200212,C5335,2024-03-17,app,DESC10,4.89
O200213,C5037,2024-04-14,web,DESC10,8.46
O200214,C5134,2024-05-02,web,WELCOME,2.72
O200215,C5333,2024-03-07,app,,9.54
O200216,C5234,2024-04-03,app,VIP20,7.57
O200217,C5318,2024-03-19,app,WELCOME,7.05
O200218,C5344,2024-04-21,app,,4.24
O200219,C5159,2024-06-09,app,WELCOME,5.79
O200220,C5037,2024-03-29,web,,7.17
O200221,C5149,2024-02-23,web,FREESHIP,5.67
O200222,C5307,2024-03-15,app,VIP20,8.38
O200223,C5028,2024-07-14,web,,5.2
O200224,C5143,2024-03-10,web,FREESHIP,2.43
O200225,C5075,2024-02-28,web,,2.57
O200226,C5144,2024-03-26,app,,0.07
O200227,C5228,2024-04-08,web,VIP20,3.61
O200228,C5063,2024-03-21,app,WELCOME,8.99
O200229,C5346,2024-02-19,app,,9.53
O200230,C5344,2024-04-26,web,WELCOME,2.43
O200231,C5268,2024-04-21,app,VIP20,11.51
O200232,C5327,2024-05-14,app,WELCOME,6.03
O200233,C5183,2024-04-20,app,,11.0
O200234,C5260,2024-07-08,app,WELCOME,8.48
O200235,C5267,2024-05-18,web,,8.67
O200236,C5168,2024-05-07,app,,1.02
O200237,C5258,2024-06-11,web,VIP20,2.64
O200238,C5226,2024-04-18,tienda,DESC10,0.11
O200239,C5032,2024-04-04,app,DESC10,8.59
O200240,C5213,2024-04-25,app,DESC10,4.13
O200241,C5049,2024-02-09,web,VIP20,9.44
O200242,C5209,2024-04-18,web,,4.07
O200243,C5028,2024-04-08,web,WELCOME,9.83
O200244,C5038,2024-05-01,web,,1.57
O200245,C5346,2024-06-02,web,FREESHIP,2.08
O200246,C5099,2024-05-09,app,FREESHIP,4.09
O200247,C5172,2024-03-15,web,VIP20,4.9
O200248,C5016,2024-05-23,tienda,,4.18
O200249,C5055,2024-07-09,web,,9.16
O200250,C5225,2024-06-04,tienda,,1.16
O200251,C5045,2024-02-26,tienda,WELCOME,4.21
O200252,C5066,2024-05-08,app,DESC10,10.05
O200253,C5196,2024-02-29,app,,0.8
O200254,C5141,2024-03-31,web,,11.31
O200255,C5322,2024-04-29,app,,11.84
O200256,C5022,2024-04-23,web,VIP20,1.06
O200257,C5093,2024-06-02,web,WELCOME,3.5
O200258,C5241,2024-07-09,app,,4.47
O200259,C5236,2024-05-04,web,,9.32
O200260,C5053,2024-03-28,app,VIP20,7.15
O200261,C5137,2024-02-10,web,VIP20,7.73
O200262,C5332,2024-06-18,web,,9.09
O200263,C5271,2024-04-08,web,VIP20,1.42
O200264,C5040,2024-04-10,web,WELCOME,10.0
O200265,C5097,2024-04-13,web,,8.47
O200266,C5182,2024-05-02,web,,6.93
O200267,C5127,2024-05-03,web,,10.68
O200268,C5228,2024-03-31,app,DESC10,8.4
O200269,C5316,2024-04-07,web,DESC10,2.42
O200270,C5085,2024-03-19,app,,5.16
O200271,C5255,2024-03-15,web,,5.93
O200272,C5208,2024-03-15,tienda,,0.66
O200273,C5214,2024-04-07,web,WELCOME,11.46
O200274,C5099,2024-03-09,web,VIP20,1.54
O200275,C5048,2024-01-22,app,,8.37
O200276,C5200,2024-03-27,web,,6.07
O200277,C5257,2024-02-27,app,,0.31
O200278,C5177,2024-04-16,web,,11.1
O200279,C5244,2024-03-19,tienda,FREESHIP,10.22
O200280,C5122,2024-05-02,web,FREESHIP,6.29
O200281,C5341,2024-03-01,web,,2.75
O200282,C5170,2024-02-13,app,,1.46
O200283,C5332,2024-04-07,web,,4.36
O200284,C5135,2024-03-26,app,DESC10,3.07
O200285,C5058,2024-02-25,web,WELCOME,6.08
O200286,C5192,2024-05-18,app,,11.6
O200287,C5267,2024-03-05,web,,6.9
O200288,C5259,2024-03-14,app,WELCOME,10.68
O200289,C5094,2024-05-29,app,,7.81
O200290,C5124,2024-05-05,web,VIP20,5.7
O200291,C5040,2024-03-02,web,DESC10,10.26
O200292,C5253,2024-03-29,web,,5.66
O200293,C5006,2024-02-28,tienda,,10.42
O200294,C5215,2024-05-25,web,DESC10,3.5
O200295,C5068,2024-05-25,web,,1.55
O200296,C5068,2024-07-21,web,FREESHIP,10.26
O200297,C5080,2024-08-22,web,WELCOME,7.05
O200298,C5029,2024-03-18,app,DESC10,10.67
O200299,C5072,2024-05-15,tienda,VIP20,11.25
O200300,C5261,2024-02-10,app,DESC10,0.64
O200301,C5088,2024-04-20,app,,6.01
O200302,C5207,2024-05-01,app,,4.5
O200303,C5212,2024-03-07,web,WELCOME,7.51
O200304,C5321,2024-03-16,web,VIP20,9.52
O200305,C5265,2024-05-25,app,DESC10,3.37
O200306,C5292,2024-05-02,tienda,,6.68
O200307,C5206,2024-07-10,tienda,FREESHIP,8.5
O200308,C5332,2024-07-01,web,VIP20,1.61
O200309,C5076,2024-02-16,web,,9.77
O200310,C5287,2024-03-22,web,WELCOME,7.27
O200311,C5046,2024-03-04,tienda,,11.39
O200312,C5109,2024-05-18,tienda,VIP20,4.07
O200313,C5199,2024-04-24,app,WELCOME,1.3
O200314,C5209,2024-03-06,web,VIP20,6.08
O200315,C5153,2024-03-10,app,,1.03
O200316,C5009,2024-06-14,web,FREESHIP,11.63
O200317,C5156,2024-03-26,web,WELCOME,0.46
O200318,C5260,2024-02-07,app,FREESHIP,9.04
O200319,C5076,2024-03-03,web,WELCOME,6.3
O200320,C5256,2024-07-26,web,,4.42
O200321,C5130,2024-05-31,tienda,,0.79
O200322,C5066,2024-02-27,app,,7.47
O200323,C5227,2024-04-20,web,,7.02
O200324,C5162,2024-05-27,app,WELCOME,3.37
O200325,C5014,2024-02-15,web,FREESHIP,10.92
O200326,C5231,2024-06-03,app,,3.65
O200327,C5194,2024-05-02,app,,5.4
O200328,C5348,2024-03-14,app,FREESHIP,6.53
O200329,C5029,2024-05-10,app,VIP20,1.2
O200330,C5337,2024-04-25,web,VIP20,11.19
O200331,C5330,2024-04-28,web,,4.49
O200332,C5315,2024-04-18,web,WELCOME,0.97
O200333,C5295,2024-03-09,web,VIP20,4.65
O200334,C5329,2024-03-15,app,FREESHIP,7.2
O200335,C5219,2024-04-02,web,,6.16
O200336,C5146,2024-04-13,web,,8.33
O200337,C5258,2024-05-13,web,FREESHIP,0.67
O200338,C5291,2024-07-28,tienda,VIP20,3.41
O200339,C5298,2024-04-22,web,VIP20,9.83
O200340,C5142,2024-05-12,app,DESC10,0.96
O200341,C5234,2024-05-24,web,,10.27
O200342,C5114,2024-05-16,web,WELCOME,1.1
O200343,C5089,2024-03-08,web,FREESHIP,10.01
O200344,C5207,2024-06-20,app,VIP20,4.33
O200345,C5163,2024-06-09,app,WELCOME,7.35
O200346,C5083,2024-04-17,tienda,,1.83
O200347,C5076,2024-03-10,web,,0.79
O200348,C5160,2024-04-13,web,FREESHIP,2.59
O200349,C5004,2024-02-18,tienda,DESC10,1.53
O200350,C5077,2024-06-29,web,VIP20,3.75
O200351,C5090,2024-03-18,app,FREESHIP,6.17
O200352,C5086,2024-03-31,app,,7.07
O200353,C5269,2024-06-24,web,DESC10,9.48
O200354,C5103,2024-06-16,app,VIP20,7.87
O200355,C5338,2024-04-27,web,VIP20,7.31
O200356,C5174,2024-07-11,web,WELCOME,4.94
O200357,C5053,2024-03-07,web,FREESHIP,5.69
O200358,C5210,2024-04-27,app,VIP20,4.97
O200359,C5094,2024-03-07,web,WELCOME,10.11
O200360,C5222,2024-06-05,app,VIP20,2.76
O200361,C5008,2024-06-03,tienda,,0.07
O200362,C5052,2024-07-16,app,DESC10,7.82
O200363,C5076,2024-04-11,app,FREESHIP,2.43
O200364,C5205,2024-08-08,web,,10.68
O200365,C5315,2024-03-05,web,FREESHIP,10.31
O200366,C5301,2024-04-09,web,,0.92
O200367,C5309,2024-03-06,app,,1.28
O200368,C5329,2024-04-20,tienda,,5.94
O200369,C5111,2024-03-08,tienda,WELCOME,7.31
O200370,C5164,2024-06-05,tienda,FREESHIP,3.3
O200371,C5278,2024-05-03,tienda,DESC10,8.6
O200372,C5026,2024-03-02,web,FREESHIP,7.14
O200373,C5069,2024-05-22,app,FREESHIP,3.9
O200374,C5217,2024-07-05,tienda,FREESHIP,0.3
O200375,C5188,2024-05-08,web,,9.0
O200376,C5332,2024-02-23,tienda,VIP20,2.58
O200377,C5305,2024-04-05,web,FREESHIP,10.01
O200378,C5123,2024-05-15,app,VIP20,5.04
O200379,C5018,2024-04-01,app,DESC10,6.92
O200380,C5256,2024-03-05,tienda,DESC10,10.48
O200381,C5295,2024-06-13,web,FREESHIP,10.36
O200382,C5021,2024-03-31,app,VIP20,4.46
O200383,C5039,2024-07-05,app,,2.51
O200384,C5037,2024-03-22,web,FREESHIP,9.3
O200385,C5047,2024-03-29,app,WELCOME,5.2
O200386,C5182,2024-03-19,app,WELCOME,2.3
O200387,C5074,2024-04-05,app,DESC10,10.85
O200388,C5208,2024-05-02,web,,2.38
O200389,C5182,2024-03-06,web,WELCOME,0.31
O200390,C5106,2024-03-01,app,WELCOME,0.24
O200391,C5187,2024-02-15,web,,7.47
O200392,C5263,2024-02-12,web,FREESHIP,7.94
O200393,C5085,2024-02-24,tienda,FREESHIP,3.73
O200394,C5323,2024-03-22,app,FREESHIP,3.84
O200395,C5330,2024-04-19,app,FREESHIP,4.07
O200396,C5136,2024-04-30,web,,8.16
O200397,C5345,2024-04-17,web,FREESHIP,0.7
O200398,C5335,2024-06-26,web,,11.15
O200399,C5094,2024-07-19,web,VIP20,2.67
O200400,C5325,2024-03-31,app,DESC10,12.0
O200401,C5244,2024-03-07,app,VIP20,2.06
O200402,C5089,2024-08-13,web,,9.26
O200403,C5058,2024-06-10,web,DESC10,2.68
O200404,C5027,2024-06-06,web,,0.97
O200405,C5071,2024-03-20,web,FREESHIP,10.5
O200406,C5269,2024-05-23,web,,10.31
O200407,C5023,2024-04-18,tienda,VIP20,4.84
O200408,C5111,2024-04-08,app,FREESHIP,8.43
O200409,C5299,2024-04-08,app,DESC10,6.68
O200410,C5055,2024-05-05,web,VIP20,10.24
O200411,C5222,2024-06-29,tienda,,3.78
O200412,C5119,2024-08-21,app,WELCOME,6.28
O200413,C5178,2024-03-26,app,,5.82
O200414,C5287,2024-04-20,web,,4.25
O200415,C5280,2024-04-07,tienda,FREESHIP,10.7
O200416,C5188,2024-05-01,app,,1.99
O200417,C5065,2024-04-02,tienda,FREESHIP,1.79
O200418,C5297,2024-08-05,web,,6.92
O200419,C5248,2024-03-16,web,,7.89
O200420,C5075,2024-03-26,web,WELCOME,2.34
O200421,C5136,2024-03-21,web,,4.69
O200422,C5163,2024-04-05,tienda,,11.36
O200423,C5232,2024-02-26,web,WELCOME,2.96
O200424,C5254,2024-03-21,web,FREESHIP,8.02
O200425,C5293,2024-05-01,web,VIP20,8.88
O200426,C5169,2024-04-30,web,FREESHIP,5.38
O200427,C5316,2024-04-23,web,,11.25
O200428,C5173,2024-06-22,app,,8.84
O200429,C5344,2024-05-03,app,,5.5
O200430,C5017,2024-06-20,web,DESC10,6.83
O200431,C5069,2024-08-21,web,WELCOME,8.31
O200432,C5337,2024-05-25,web,DESC10,7.11
O200433,C5115,2024-02-26,web,WELCOME,10.54
O200434,C5079,2024-04-25,app,,4.28
O200435,C5014,2024-04-18,app,WELCOME,3.6
O200436,C5175,2024-07-05,app,FREESHIP,2.57
O200437,C5268,2024-04-07,app,,0.45
O200438,C5118,2024-03-12,web,VIP20,0.52
O200439,C5298,2024-03-23,tienda,WELCOME,10.44
O200440,C5187,2024-02-27,app,WELCOME,8.14
O200441,C5056,2024-01-21,tienda,WELCOME,7.93
O200442,C5198,2024-08-05,web,,7.38
O200443,C5016,2024-04-12,tienda,,10.19
O200444,C5287,2024-02-29,app,,5.76
O200445,C5054,2024-07-12,app,,10.44
O200446,C5268,2024-07-25,web,,4.31
O200447,C5302,2024-04-19,app,,11.12
O200448,C5086,2024-02-24,tienda,,8.38
O200449,C5317,2024-03-24,app,,3.09
O200450,C5028,2024-04-02,app,VIP20,6.77
O200451,C5021,2024-04-14,tienda,FREESHIP,6.4
O200452,C5320,2024-03-03,web,,1.65
O200453,C5284,2024-05-29,app,,7.09
O200454,C5047,2024-02-05,web,FREESHIP,3.78
O200455,C5004,2024-06-08,tienda,FREESHIP,0.63
O200456,C5249,2024-06-22,web,,11.38
O200457,C5162,2024-03-28,app,,7.7
O200458,C5201,2024-04-09,app,,10.52
O200459,C5100,2024-07-01,app,,8.11
O200460,C5070,2024-05-13,app,FREESHIP,4.28
O200461,C5162,2024-03-29,tienda,,6.15
O200462,C5172,2024-04-03,tienda,FREESHIP,8.11
O200463,C5140,2024-05-05,web,,11.52
O200464,C5137,2024-07-28,web,,3.04
O200465,C5065,2024-04-04,web,VIP20,10.5
O200466,C5197,2024-03-28,web,DESC10,11.09
O200467,C5327,2024-04-13,app,,8.04
O200468,C5227,2024-04-14,tienda,DESC10,11.18
O200469,C5280,2024-04-26,app,WELCOME,4.77
O200470,C5171,2024-04-09,web,,11.44
O200471,C5315,2024-06-12,web,,8.43
O200472,C5039,2024-03-09,app,,0.5
O200473,C5006,2024-05-01,app,FREESHIP,10.88
O200474,C5173,2024-05-03,web,,5.81
O200475,C5150,2024-03-12,tienda,WELCOME,5.52
O200476,C5210,2024-05-01,tienda,,6.8
O200477,C5301,2024-05-05,web,,1.79
O200478,C5085,2024-01-29,tienda,,5.63
O200479,C5252,2024-03-06,web,FREESHIP,9.97
O200480,C5020,2024-07-07,app,,0.19
O200481,C5256,2024-03-20,web,FREESHIP,3.28
O200482,C5032,2024-02-29,web,,0.03
O200483,C5259,2024-02-11,tienda,,4.99
O200484,C5233,2024-03-04,web,,8.74
O200485,C5002,2024-04-07,app,VIP20,9.59
O200486,C5346,2024-02-27,web,FREESHIP,11.34
O200487,C5307,2024-05-13,web,VIP20,7.3
O200488,C5226,2024-03-11,web,,3.06
O200489,C5283,2024-04-26,web,,11.09
O200490,C5069,2024-06-26,app,,9.3
O200491,C5312,2024-06-22,web,,6.89
O200492,C5253,2024-04-26,app,,8.35
O200493,C5143,2024-03-02,app,VIP20,11.09
O200494,C5023,2024-04-10,app,,8.55
O200495,C5233,2024-04-27,web,WELCOME,4.42
O200496,C5332,2024-09-08,tienda,,8.56
O200497,C5174,2024-02-11,web,,0.48
O200498,C5331,2024-04-10,web,VIP20,4.64
O200499,C5324,2024-05-11,web,,4.88
O200500,C5158,2024-04-17,web,DESC10,2.0
O200501,C5347,2024-04-22,web,,0.28
O200502,C5347,2024-03-13,app,,1.6
O200503,C5285,2024-05-28,web,,7.86
O200504,C5017,2024-04-14,web,,9.63
O200505,C5043,2024-04-22,app,,11.86
O200506,C5154,2024-06-04,web,WELCOME,4.16
O200507,C5230,2024-03-30,web,DESC10,7.19
O200508,C5315,2024-06-18,web,DESC10,11.25
O200509,C5224,2024-02-26,app,DESC10,2.0
O200510,C5216,2024-04-24,web,,8.61
O200511,C5055,2024-03-11,web,,9.06
O200512,C5030,2024-03-03,app,,1.07
O200513,C5058,2024-07-27,app,,10.33
O200514,C5234,2024-02-28,app,,9.76
O200515,C5106,2024-04-15,app,,0.4
O200516,C5190,2024-02-26,web,,1.09
O200517,C5017,2024-06-13,web,DESC10,0.59
O200518,C5225,2024-03-26,web,WELCOME,4.02
O200519,C5166,2024-06-03,web,WELCOME,6.11
O200520,C5070,2024-05-10,web,DESC10,6.39
O200521,C5053,2024-08-23,web,,3.21
O200522,C5244,2024-02-20,app,,10.94
O200523,C5349,2024-03-06,app,,4.42
O200524,C5075,2024-05-31,web,,0.55
O200525,C5034,2024-04-27,app,WELCOME,3.6
O200526,C5266,2024-04-02,web,,6.37
O200527,C5316,2024-08-05,web,WELCOME,4.9
O200528,C5299,2024-04-12,app,,3.29
O200529,C5120,2024-03-13,web,DESC10,1.58
O200530,C5323,2024-06-04,web,,9.83
O200531,C5024,2024-04-13,web,,11.95
O200532,C5159,2024-04-16,tienda,FREESHIP,3.95
O200533,C5083,2024-05-14,app,,4.58
O200534,C5113,2024-05-16,web,WELCOME,7.42
O200535,C5222,2024-03-06,app,,8.62
O200536,C5165,2024-03-31,app,DESC10,4.7
O200537,C5190,2024-02-23,app,FREESHIP,10.86
O200538,C5174,2024-04-27,app,VIP20,6.72
O200539,C5000,2024-07-25,web,,5.4
O200540,C5228,2024-03-07,web,,7.76
O200541,C5085,2024-02-19,app,DESC10,11.43
O200542,C5061,2024-03-18,app,DESC10,9.53
O200543,C5319,2024-04-02,app,WELCOME,0.48
O200544,C5205,2024-05-17,app,,3.99
O200545,C5104,2024-03-29,tienda,,5.65
O200546,C5317,2024-04-28,tienda,DESC10,3.77
O200547,C5290,2024-03-23,tienda,,8.4
O200548,C5249,2024-04-04,app,,9.92
O200549,C5012,2024-03-12,tienda,DESC10,8.78
O200550,C5162,2024-03-02,web,,11.87
O200551,C5042,2024-05-19,web,DESC10,3.27
O200552,C5110,2024-03-25,web,WELCOME,10.5
O200553,C5204,2024-05-02,app,VIP20,9.2
O200554,C5255,2024-03-11,app,,4.35
O200555,C5306,2024-04-12,app,WELCOME,8.81
O200556,C5143,2024-02-06,web,,1.25
O200557,C5145,2024-03-28,web,FREESHIP,9.47
O200558,C5300,2024-03-14,app,,6.39
O200559,C5163,2024-06-11,web,FREESHIP,3.51
O200560,C5168,2024-02-27,web,WELCOME,7.87
O200561,C5297,2024-04-06,web,,7.7
O200562,C5232,2024-04-27,web,,2.51
O200563,C5270,2024-06-01,app,,0.36
O200564,C5059,2024-05-24,web,,5.2
O200565,C5295,2024-04-09,app,,6.83
O200566,C5234,2024-04-15,web,FREESHIP,10.52
O200567,C5164,2024-06-11,app,DESC10,11.14
O200568,C5193,2024-04-08,web,DESC10,6.35
O200569,C5233,2024-04-19,app,,9.05
O200570,C5182,2024-06-13,app,DESC10,5.27
O200571,C5332,2024-09-06,web,FREESHIP,8.95
O200572,C5231,2024-04-23,tienda,WELCOME,2.46
O200573,C5106,2024-05-06,app,,4.45
O200574,C5222,2024-05-22,web,VIP20,7.61
O200575,C5079,2024-06-12,web,,0.22
O200576,C5233,2024-06-03,tienda,FREESHIP,8.67
O200577,C5183,2024-03-20,app,,10.03
O200578,C5184,2024-04-26,web,VIP20,4.79
O200579,C5133,2024-06-03,web,FREESHIP,5.38
O200580,C5219,2024-06-26,app,,10.22
O200581,C5287,2024-04-06,app,,9.31
O200582,C5201,2024-04-25,app,,3.46
O200583,C5145,2024-05-01,web,,3.89
O200584,C5323,2024-04-13,app,,8.15
O200585,C5126,2024-04-24,web,DESC10,6.76
O200586,C5134,2024-02-05,web,,1.95
O200587,C5113,2024-11-09,app,,3.72
O200588,C5263,2024-04-04,tienda,FREESHIP,10.8
O200589,C5063,2024-04-07,web,WELCOME,8.26
O200590,C5134,2024-02-16,web,,11.83
O200591,C5040,2024-02-13,app,FREESHIP,9.2
O200592,C5295,2024-05-04,app,VIP20,11.3
O200593,C5002,2024-06-04,app,FREESHIP,2.59
O200594,C5193,2024-05-23,app,,9.26
O200595,C5109,2024-03-11,web,,0.24
O200596,C5220,2024-05-19,tienda,,8.05
O200597,C5003,2024-04-06,app,FREESHIP,5.63
O200598,C5243,2024-03-27,tienda,,4.16
O200599,C5165,2024-02-24,app,,10.35
O200600,C5025,2024-03-15,tienda,,10.25
O200601,C5016,2024-05-06,web,,0.27
O200602,C5215,2024-04-26,web,,7.31
O200603,C5091,2024-04-19,tienda,DESC10,4.41
O200604,C5030,2024-02-04,web,,4.99
O200605,C5204,2024-04-19,web,VIP20,9.98
O200606,C5206,2024-03-19,app,,3.72
O200607,C5106,2024-04-26,app,FREESHIP,11.32
O200608,C5145,2024-06-14,web,,2.16
O200609,C5100,2024-03-24,tienda,DESC10,7.95
O200610,C5317,2024-04-16,app,VIP20,8.07
O200611,C5240,2024-08-04,app,,3.03
O200612,C5246,2024-04-24,app,,3.9
O200613,C5162,2024-04-11,web,DESC10,10.02
O200614,C5172,2024-03-11,web,,9.14
O200615,C5034,2024-05-21,web,,3.95
O200616,C5283,2024-03-06,app,FREESHIP,6.41
O200617,C5020,2024-06-17,app,VIP20,0.74
O200618,C5307,2024-05-13,app,,2.5
O200619,C5162,2024-03-21,app,VIP20,5.83
O200620,C5096,2024-03-13,app,DESC10,1.03
O200621,C5306,2024-03-13,app,,10.12
O200622,C5338,2024-02-13,web,,8.62
O200623,C5054,2024-05-03,web,,11.32
O200624,C5332,2024-02-06,tienda,WELCOME,8.32
O200625,C5126,2024-04-08,web,VIP20,11.28
O200626,C5192,2024-04-05,web,,6.65
O200627,C5242,2024-03-29,app,FREESHIP,7.2
O200628,C5348,2024-05-03,web,,11.72
O200629,C5087,2024-03-21,tienda,,7.71
O200630,C5335,2024-04-19,web,FREESHIP,0.37
O200631,C5214,2024-06-17,web,WELCOME,8.69
O200632,C5091,2024-05-09,web,DESC10,10.87
O200633,C5302,2024-03-26,app,WELCOME,9.55
O200634,C5234,2024-04-12,web,FREESHIP,7.01
O200635,C5183,2024-03-29,app,,8.06
O200636,C5037,2024-04-05,tienda,,11.88
O200637,C5138,2024-04-21,tienda,FREESHIP,1.09
O200638,C5194,2024-02-23,web,,8.01
O200639,C5014,2024-02-17,web,,3.4
O200640,C5256,2024-03-09,app,,7.68
O200641,C5134,2024-05-05,tienda,VIP20,7.29
O200642,C5000,2024-05-12,tienda,FREESHIP,1.84
O200643,C5048,2024-05-20,web,,2.48
O200644,C5095,2024-03-10,app,,7.46
O200645,C5200,2024-04-16,web,VIP20,1.54
O200646,C5025,2024-03-27,web,WELCOME,3.18
O200647,C5342,2024-04-06,web,,10.02
O200648,C5234,2024-03-26,web,FREESHIP,3.93
O200649,C5348,2024-04-23,web,DESC10,5.86
O200650,C5243,2024-03-16,web,WELCOME,11.29
O200651,C5326,2024-06-09,app,,2.73
O200652,C5050,2024-06-10,web,DESC10,4.68
O200653,C5080,2024-05-04,app,,7.28
O200654,C5035,2024-06-02,web,WELCOME,9.06
O200655,C5066,2024-02-22,web,,10.82
O200656,C5128,2024-06-13,web,WELCOME,10.99
O200657,C5154,2024-04-29,web,,9.32
O200658,C5244,2024-03-18,app,FREESHIP,2.74
O200659,C5110,2024-03-15,web,FREESHIP,0.3
O200660,C5167,2024-07-06,app,,4.61
O200661,C5141,2024-05-21,web,WELCOME,1.7
O200662,C5196,2024-04-05,app,FREESHIP,8.52
O200663,C5108,2024-02-22,app,,7.93
O200664,C5078,2024-06-17,web,,0.53
O200665,C5160,2024-03-02,web,VIP20,10.04
O200666,C5018,2024-03-28,web,VIP20,2.98
O200667,C5126,2024-04-05,app,VIP20,5.19
O200668,C5204,2024-03-15,web,FREESHIP,8.02
O200669,C5028,2024-04-03,app,WELCOME,5.15
O200670,C5206,2024-04-11,app,VIP20,5.3
O200671,C5279,2024-04-03,tienda,,0.79
O200672,C5150,2024-04-26,app,DESC10,4.82
O200673,C5239,2024-07-09,app,WELCOME,9.18
O200674,C5265,2024-02-23,web,,10.98
O200675,C5181,2024-04-18,tienda,,4.96
O200676,C5104,2024-03-02,app,WELCOME,5.08
O200677,C5235,2024-02-20,web,,8.43
O200678,C5172,2024-05-28,app,WELCOME,11.31
O200679,C5157,2024-04-22,web,VIP20,3.2
O200680,C5171,2024-02-19,app,DESC10,5.28
O200681,C5310,2024-04-03,app,DESC10,9.55
O200682,C5156,2024-02-11,web,,7.32
O200683,C5257,2024-03-09,app,WELCOME,1.33
O200684,C5163,2024-02-03,web,DESC10,7.53
O200685,C5146,2024-04-05,web,,2.24
O200686,C5153,2024-05-14,web,WELCOME,6.12
O200687,C5037,2024-05-09,app,DESC10,6.35
O200688,C5130,2024-03-27,web,,10.51
O200689,C5254,2024-05-31,web,,5.55
O200690,C5207,2024-06-23,app,,3.35
O200691,C5094,2024-05-15,web,DESC10,2.77
O200692,C5347,2024-03-20,web,,10.49
O200693,C5326,2024-04-06,web,VIP20,2.05
O200694,C5170,2024-07-07,web,WELCOME,5.11
O200695,C5249,2024-03-29,web,FREESHIP,2.25
O200696,C5189,2024-05-09,web,DESC10,9.28
O200697,C5198,2024-03-14,tienda,,5.69
O200698,C5220,2024-05-31,app,,4.21
O200699,C5023,2024-03-10,web,DESC10,4.33
O200700,C5243,2024-04-08,web,,10.23
O200701,C5323,2024-05-07,web,,6.65
O200702,C5127,2024-07-22,app,,8.61
O200703,C5092,2024-04-21,web,,10.76
O200704,C5299,2024-04-01,web,,10.82
O200705,C5132,2024-03-29,tienda,,3.94
O200706,C5054,2024-05-28,web,,11.43
O200707,C5157,2024-05-03,web,,0.3
O200708,C5028,2024-05-13,tienda,,4.52
O200709,C5210,2024-07-01,app,WELCOME,10.75
O200710,C5153,2024-04-14,web,,3.3
O200711,C5292,2024-04-29,app,,3.28
O200712,C5221,2024-03-28,web,WELCOME,3.63
O200713,C5114,2024-03-13,app,,7.35
O200714,C5157,2024-03-19,web,,5.26
O200715,C5258,2024-01-31,app,,8.72
O200716,C5250,2024-05-06,tienda,,10.74
O200717,C5121,2024-05-01,tienda,,8.09
O200718,C5298,2024-05-05,tienda,,2.45
O200719,C5262,2024-03-11,app,DESC10,11.19
O200720,C5048,2024-03-20,web,WELCOME,3.17
O200721,C5328,2024-03-18,web,,1.8
O200722,C5296,2024-06-06,app,WELCOME,1.08
O200723,C5076,2024-04-20,tienda,VIP20,6.76
O200724,C5126,2024-04-14,web,WELCOME,1.37
O200725,C5196,2024-05-18,tienda,VIP20,1.67
O200726,C5220,2024-03-19,app,,3.6
O200727,C5090,2024-04-28,tienda,VIP20,3.38
O200728,C5007,2024-08-03,tienda,VIP20,7.25
O200729,C5031,2024-06-16,web,FREESHIP,9.8
O200730,C5319,2024-04-27,web,,9.14
O200731,C5268,2024-04-15,web,WELCOME,3.15
O200732,C5190,2024-05-05,web,,2.94
O200733,C5348,2024-06-26,app,,11.59
O200734,C5162,2024-06-21,app,,0.1
O200735,C5060,2024-07-08,tienda,FREESHIP,10.56
O200736,C5263,2024-04-22,app,,2.4
O200737,C5284,2024-02-06,web,DESC10,11.37
O200738,C5094,2024-07-27,web,VIP20,4.11
O200739,C5040,2024-03-13,web,,5.28
O200740,C5148,2024-02-08,web,,8.49
O200741,C5203,2024-05-17,app,DESC10,7.05
O200742,C5266,2024-02-06,web,,3.82
O200743,C5001,2024-04-13,web,FREESHIP,6.65
O200744,C5177,2024-02-06,web,,8.77
O200745,C5193,2024-03-29,app,FREESHIP,0.51
O200746,C5335,2024-07-08,web,DESC10,0.13
O200747,C5195,2024-04-28,web,DESC10,5.5
O200748,C5342,2024-04-12,web,,1.58
O200749,C5248,2024-05-03,tienda,,7.97
O200750,C5211,2024-01-25,web,,2.57
O200751,C5152,2024-03-18,app,VIP20,5.19
O200752,C5157,2024-03-23,app,,2.37
O200753,C5138,2024-05-11,app,FREESHIP,6.58
O200754,C5220,2024-03-06,tienda,,1.39
O200755,C5272,2024-04-20,web,,0.28
O200756,C5153,2024-04-08,web,,0.61
O200757,C5248,2024-03-20,web,,11.45
O200758,C5278,2024-03-22,app,DESC10,1.71
O200759,C5303,2024-04-08,web,,8.5
O200760,C5275,2024-02-11,web,,0.82
O200761,C5001,2024-05-19,app,,1.3
O200762,C5087,2024-03-13,app,,6.11
O200763,C5286,2024-04-01,web,,5.58
O200764,C5129,2024-07-05,app,,11.42
O200765,C5077,2024-05-20,app,VIP20,11.34
O200766,C5259,2024-03-01,web,,9.36
O200767,C5240,2024-01-23,web,VIP20,7.23
O200768,C5140,2024-05-05,app,,5.46
O200769,C5227,2024-04-02,app,,4.27
O200770,C5162,2024-04-21,web,,11.37
O200771,C5235,2024-05-18,web,,7.23
O200772,C5127,2024-05-27,app,DESC10,6.95
O200773,C5199,2024-03-26,tienda,,2.78
O200774,C5030,2024-04-07,app,,0.56
O200775,C5137,2024-04-29,web,VIP20,11.34
O200776,C5020,2024-05-03,web,,3.76
O200777,C5233,2024-04-20,tienda,FREESHIP,5.31
O200778,C5201,2024-06-27,web,,1.38
O200779,C5278,2024-05-02,tienda,FREESHIP,10.04
O200780,C5130,2024-05-17,tienda,,0.33
O200781,C5147,2024-04-24,web,,10.01
O200782,C5028,2024-03-06,tienda,,1.68
O200783,C5307,2024-03-18,web,VIP20,10.64
O200784,C5161,2024-02-29,app,WELCOME,8.76
O200785,C5339,2024-06-03,web,WELCOME,1.98
O200786,C5060,2024-02-19,web,FREESHIP,6.79
O200787,C5124,2024-04-05,app,,3.75
O200788,C5070,2024-03-28,app,,2.14
O200789,C5325,2024-03-27,web,,10.31
O200790,C5242,2024-03-30,app,,4.84
O200791,C5248,2024-07-11,web,WELCOME,4.78
O200792,C5220,2024-02-10,web,,2.04
O200793,C5020,2024-06-18,web,WELCOME,4.6
O200794,C5081,2024-04-02,web,,10.46
O200795,C5343,2024-05-23,web,,4.36
O200796,C5009,2024-04-15,web,WELCOME,11.42
O200797,C5011,2024-03-02,web,VIP20,11.36
O200798,C5262,2024-06-24,web,WELCOME,1.74
O200799,C5144,2024-06-13,web,DESC10,2.13
O200800,C5191,2024-03-04,tienda,,10.35
O200801,C5249,2024-05-09,web,VIP20,4.71
O200802,C5113,2024-03-19,tienda,VIP20,0.05
O200803,C5025,2024-02-20,app,,3.29
O200804,C5270,2024-03-13,app,VIP20,7.17
O200805,C5032,2024-06-20,app,,9.59
O200806,C5061,2024-05-24,app,DESC10,1.6
O200807,C5228,2024-03-30,web,,1.33
O200808,C5302,2024-06-20,app,VIP20,11.07
O200809,C5094,2024-06-08,app,FREESHIP,9.01
O200810,C5034,2024-03-13,app,FREESHIP,7.08
O200811,C5192,2024-07-07,app,DESC10,9.23
O200812,C5075,2024-03-27,web,,5.15
O200813,C5248,2024-04-01,app,FREESHIP,9.1
O200814,C5082,2024-02-10,app,DESC10,4.46
O200815,C5024,2024-03-19,web,WELCOME,2.93
O200816,C5056,2024-04-06,web,,8.75
O200817,C5031,2024-04-25,app,FREESHIP,5.04
O200818,C5318,2024-03-02,tienda,,11.78
O200819,C5011,2024-03-14,web,,4.19
O200820,C5318,2024-07-09,app,,11.06
O200821,C5332,2024-06-04,web,,11.2
O200822,C5091,2024-06-15,web,FREESHIP,2.9
O200823,C5000,2024-04-09,web,DESC10,9.58
O200824,C5325,2024-04-27,web,,5.2
O200825,C5135,2024-05-10,web,FREESHIP,11.01
O200826,C5195,2024-07-08,web,FREESHIP,5.4
O200827,C5132,2024-02-19,app,FREESHIP,8.93
O200828,C5085,2024-03-22,app,FREESHIP,5.6
O200829,C5294,2024-04-22,web,,2.73
O200830,C5278,2024-04-15,web,DESC10,2.39
O200831,C5323,2024-03-14,web,DESC10,5.11
O200832,C5179,2024-05-06,app,,9.07
O200833,C5003,2024-03-23,web,,7.26
O200834,C5125,2024-04-12,web,DESC10,8.26
O200835,C5174,2024-05-03,tienda,DESC10,3.39
O200836,C5250,2024-03-25,app,,5.78
O200837,C5020,2024-05-19,web,VIP20,0.53
O200838,C5104,2024-05-30,web,,9.81
O200839,C5065,2024-03-15,web,VIP20,11.88
O200840,C5262,2024-03-23,app,,4.88
O200841,C5048,2024-03-06,app,,0.13
O200842,C5015,2024-04-11,web,VIP20,2.04
O200843,C5144,2024-04-25,app,,7.83
O200844,C5339,2024-07-20,web,,7.34
O200845,C5249,2024-03-29,web,,9.45
O200846,C5342,2024-04-24,web,FREESHIP,3.05
O200847,C5074,2024-03-22,web,WELCOME,9.16
O200848,C5289,2024-03-23,web,WELCOME,8.26
O200849,C5281,2024-04-28,web,WELCOME,3.87
O200850,C5065,2024-03-26,web,,6.55
O200851,C5124,2024-04-09,web,FREESHIP,1.77
O200852,C5318,2024-04-29,app,,5.43
O200853,C5086,2024-04-23,web,,10.57
O200854,C5040,2024-01-31,web,WELCOME,5.05
O200855,C5185,2024-03-23,app,,10.07
O200856,C5334,2024-06-05,app,FREESHIP,7.08
O200857,C5265,2024-02-18,app,WELCOME,2.3
O200858,C5270,2024-01-20,web,VIP20,6.97
O200859,C5041,2024-05-08,web,VIP20,6.07
O200860,C5092,2024-04-22,app,FREESHIP,4.78
O200861,C5184,2024-03-03,app,,1.44
O200862,C5214,2024-04-16,web,,5.0
O200863,C5016,2024-03-18,tienda,WELCOME,0.87
O200864,C5264,2024-05-04,web,VIP20,1.19
O200865,C5113,2024-01-23,tienda,FREESHIP,4.99
O200866,C5291,2024-04-01,tienda,DESC10,3.66
O200867,C5291,2024-03-21,app,VIP20,11.11
O200868,C5047,2024-05-20,tienda,DESC10,4.51
O200869,C5306,2024-02-11,app,FREESHIP,9.09
O200870,C5096,2024-04-13,web,FREESHIP,6.36
O200871,C5094,2024-05-07,web,,8.45
O200872,C5325,2024-07-23,web,VIP20,3.12
O200873,C5073,2024-03-23,web,,11.3
O200874,C5335,2024-04-26,app,,6.36
O200875,C5067,2024-02-12,web,VIP20,9.98
O200876,C5245,2024-04-11,web,WELCOME,4.38
O200877,C5076,2024-06-10,app,,1.2
O200878,C5207,2024-07-23,tienda,,8.08
O200879,C5253,2024-05-01,web,,0.09
O200880,C5220,2024-02-18,web,DESC10,5.7
O200881,C5261,2024-06-20,web,,2.31
O200882,C5330,2024-02-18,app,WELCOME,7.53
O200883,C5343,2024-02-29,web,FREESHIP,11.75
O200884,C5258,2024-06-26,app,,5.57
O200885,C5307,2024-04-08,web,WELCOME,9.81
O200886,C5073,2024-03-19,web,FREESHIP,6.09
O200887,C5124,2024-05-14,tienda,WELCOME,5.95
O200888,C5187,2024-04-19,web,FREESHIP,11.17
O200889,C5253,2024-08-16,web,VIP20,10.68
O200890,C5320,2024-06-04,web,,9.43
O200891,C5307,2024-04-21,web,FREESHIP,3.56
O200892,C5234,2024-04-22,app,,6.54
O200893,C5249,2024-06-02,web,WELCOME,2.69
O200894,C5331,2024-04-08,web,,5.33
O200895,C5344,2024-03-09,web,FREESHIP,5.81
O200896,C5071,2024-05-18,app,,9.98
O200897,C5234,2024-03-31,app,,10.75
O200898,C5323,2024-04-24,app,VIP20,4.98
O200899,C5155,2024-02-08,app,DESC10,0.21
O200900,C5114,2024-04-06,web,,10.34
O200901,C5312,2024-03-22,web,,2.09
O200902,C5227,2024-02-07,web,,7.46
O200903,C5321,2024-04-07,web,,0.3
O200904,C5345,2024-04-09,web,,4.79
O200905,C5244,2024-04-28,app,,11.83
O200906,C5305,2024-06-09,app,FREESHIP,1.21
O200907,C5013,2024-05-29,tienda,WELCOME,5.08
O200908,C5015,2024-03-24,web,FREESHIP,3.69
O200909,C5041,2024-04-20,app,,10.86
O200910,C5109,2024-05-05,app,,10.43
O200911,C5277,2024-03-25,app,WELCOME,2.85
O200912,C5323,2024-02-20,web,VIP20,0.97
O200913,C5018,2024-04-03,web,,7.53
O200914,C5065,2024-06-11,web,,4.04
O200915,C5166,2024-02-19,web,FREESHIP,8.07
O200916,C5072,2024-03-06,app,WELCOME,0.39
O200917,C5309,2024-03-12,web,,1.6
O200918,C5111,2024-03-06,web,WELCOME,8.24
O200919,C5273,2024-05-15,app,,2.55
O200920,C5084,2024-03-18,app,WELCOME,10.29
O200921,C5138,2024-05-16,web,FREESHIP,0.7
O200922,C5038,2024-04-13,app,,2.59
O200923,C5104,2024-02-13,web,FREESHIP,11.98
O200924,C5323,2024-03-26,web,,5.2
O200925,C5280,2024-05-31,web,VIP20,8.44
O200926,C5122,2024-04-18,app,VIP20,2.19
O200927,C5217,2024-03-29,tienda,DESC10,7.32
O200928,C5060,2024-06-12,web,,8.71
O200929,C5099,2024-03-03,app,FREESHIP,3.77
O200930,C5306,2024-03-19,web,FREESHIP,9.95
O200931,C5203,2024-05-25,app,,7.24
O200932,C5257,2024-05-14,web,DESC10,4.67
O200933,C5004,2024-03-01,web,VIP20,6.69
O200934,C5196,2024-05-03,app,FREESHIP,6.92
O200935,C5179,2024-03-17,app,WELCOME,1.99
O200936,C5341,2024-02-06,web,VIP20,4.83
O200937,C5132,2024-03-29,web,DESC10,4.12
O200938,C5323,2024-07-29,web,,4.81
O200939,C5252,2024-06-01,web,WELCOME,9.13
O200940,C5264,2024-04-09,app,,5.79
O200941,C5092,2024-02-18,tienda,,11.28
O200942,C5149,2024-02-07,web,WELCOME,3.52
O200943,C5137,2024-04-14,web,,4.99
O200944,C5207,2024-04-30,app,VIP20,9.44
O200945,C5124,2024-05-15,web,,6.55
O200946,C5233,2024-05-09,app,,6.56
O200947,C5060,2024-05-14,web,WELCOME,0.64
O200948,C5306,2024-04-24,app,DESC10,4.78
O200949,C5265,2024-06-11,app,DESC10,3.25
O200950,C5133,2024-03-22,app,,11.99
O200951,C5317,2024-04-13,app,VIP20,3.7
O200952,C5112,2024-02-14,web,DESC10,10.61
O200953,C5190,2024-03-21,app,WELCOME,8.11
O200954,C5186,2024-05-30,app,,4.09
O200955,C5318,2024-05-12,web,WELCOME,6.52
O200956,C5088,2024-01-31,web,,10.09
O200957,C5186,2024-08-04,web,DESC10,10.6
O200958,C5306,2024-04-18,web,WELCOME,1.92
O200959,C5131,2024-04-19,web,DESC10,4.07
O200960,C5122,2024-03-19,app,VIP20,4.02
O200961,C5047,2024-03-26,web,,0.5
O200962,C5287,2024-04-18,tienda,VIP20,7.18
O200963,C5178,2024-05-09,web,DESC10,10.26
O200964,C5179,2024-04-26,web,FREESHIP,4.58
O200965,C5098,2024-03-21,web,,8.88
O200966,C5329,2024-03-09,web,WELCOME,7.53
O200967,C5033,2024-03-07,web,FREESHIP,4.51
O200968,C5069,2024-06-04,web,VIP20,1.69
O200969,C5170,2024-05-27,web,,8.51
O200970,C5271,2024-05-04,app,DESC10,10.25
O200971,C5058,2024-06-04,app,DESC10,8.23
O200972,C5180,2024-04-06,web,,0.21
O200973,C5018,2024-05-22,app,DESC10,2.59
O200974,C5225,2024-05-06,app,,0.83
O200975,C5094,2024-05-24,web,WELCOME,6.84
O200976,C5296,2024-03-04,tienda,,9.08
O200977,C5080,2024-01-29,app,,1.33
O200978,C5174,2024-04-23,web,,10.06
O200979,C5221,2024-03-28,web,FREESHIP,6.67
O200980,C5102,2024-02-03,web,DESC10,8.28
O200981,C5053,2024-06-14,web,WELCOME,11.66
O200982,C5182,2024-05-28,app,,1.0
O200983,C5317,2024-04-27,web,,10.81
O200984,C5348,2024-03-10,app,VIP20,1.51
O200985,C5320,2024-02-13,app,,4.72
O200986,C5067,2024-02-03,app,,10.22
O200987,C5027,2024-03-21,app,DESC10,10.88
O200988,C5273,2024-05-14,web,VIP20,6.08
O200989,C5281,2024-03-29,web,,7.13
O200990,C5310,2024-05-04,app,,8.5
O200991,C5118,2024-05-07,web,,9.99
O200992,C5133,2024-05-14,web,,1.46
O200993,C5128,2024-02-09,tienda,FREESHIP,9.72
O200994,C5007,2024-03-13,app,,5.78
O200995,C5050,2024-05-04,web,VIP20,5.41
O200996,C5340,2024-06-29,app,FREESHIP,5.09
O200997,C5280,2024-06-08,app,VIP20,6.11
O200998,C5174,2024-04-25,web,,11.34
O200999,C5182,2024-06-15,web,DESC10,6.58
O201000,C5191,2024-04-24,tienda,,11.44
O201001,C5248,2024-02-18,web,WELCOME,2.16
O201002,C5234,2024-05-13,web,,8.69
O201003,C5082,2024-06-10,web,,9.75
O201004,C5092,2024-07-22,app,VIP20,8.15
O201005,C5311,2024-03-20,web,VIP20,7.28
O201006,C5267,2024-03-01,web,DESC10,6.78
O201007,C5119,2024-05-22,web,,10.33
O201008,C5070,2024-04-30,tienda,,9.86
O201009,C5016,2024-04-26,web,,1.47
O201010,C5252,2024-06-16,app,VIP20,10.18
O201011,C5121,2024-05-22,tienda,WELCOME,4.97
O201012,C5009,2024-05-05,web,VIP20,3.04
O201013,C5286,2024-03-24,tienda,WELCOME,10.44
O201014,C5315,2024-05-17,tienda,VIP20,5.18
O201015,C5325,2024-02-28,tienda,VIP20,9.7
O201016,C5272,2024-04-24,web,,3.16
O201017,C5305,2024-04-10,app,WELCOME,0.05
O201018,C5292,2024-02-17,app,,5.95
O201019,C5209,2024-05-01,tienda,,1.2
O201020,C5217,2024-03-20,web,VIP20,9.05
O201021,C5240,2024-04-29,app,,3.31
O201022,C5199,2024-03-07,web,WELCOME,5.32
O201023,C5215,2024-05-23,web,FREESHIP,1.04
O201024,C5204,2024-07-11,web,,3.44
O201025,C5215,2024-02-28,app,FREESHIP,9.38
O201026,C5079,2024-03-07,web,FREESHIP,1.82
O201027,C5266,2024-02-24,app,,7.77
O201028,C5034,2024-04-03,tienda,,11.01
O201029,C5288,2024-04-29,web,,8.16
O201030,C5017,2024-05-14,app,,9.73
O201031,C5164,2024-04-23,web,,1.31
O201032,C5012,2024-05-12,web,DESC10,3.01
O201033,C5201,2024-04-09,app,,10.73
O201034,C5228,2024-03-19,tienda,FREESHIP,8.58
O201035,C5345,2024-03-07,app,FREESHIP,7.67
O201036,C5000,2024-04-04,app,,7.97
O201037,C5318,2024-03-08,web,FREESHIP,4.97
O201038,C5216,2024-04-27,web,,0.53
O201039,C5033,2024-03-09,app,VIP20,9.41
O201040,C5265,2024-03-23,web,VIP20,8.14
O201041,C5127,2024-06-04,web,,5.67
O201042,C5211,2024-06-10,app,WELCOME,10.8
O201043,C5262,2024-06-08,web,,4.03
O201044,C5311,2024-04-09,web,,3.53
O201045,C5079,2024-03-21,app,,10.47
O201046,C5164,2024-05-05,app,,9.56
O201047,C5251,2024-03-09,tienda,,6.18
O201048,C5011,2024-05-17,app,,1.57
O201049,C5303,2024-03-18,web,DESC10,2.58
O201050,C5211,2024-04-02,tienda,DESC10,7.87
O201051,C5281,2024-05-18,app,,4.62
O201052,C5111,2024-02-12,web,VIP20,10.04
O201053,C5210,2024-03-19,web,FREESHIP,11.4
O201054,C5238,2024-04-28,app,,9.67
O201055,C5267,2024-05-09,app,DESC10,4.53
O201056,C5297,2024-04-30,app,DESC10,9.46
O201057,C5316,2024-04-02,app,,4.22
O201058,C5057,2024-05-24,app,VIP20,2.01
O201059,C5033,2024-03-06,tienda,,0.4
O201060,C5262,2024-03-05,app,,4.63
O201061,C5034,2024-04-28,web,,10.84
O201062,C5270,2024-03-03,app,DESC10,2.87
O201063,C5226,2024-07-13,web,,2.48
O201064,C5024,2024-05-19,app,,11.64
O201065,C5233,2024-03-20,tienda,WELCOME,0.3
O201066,C5058,2024-05-23,app,,9.43
O201067,C5250,2024-02-27,app,VIP20,3.86
O201068,C5334,2024-06-26,web,DESC10,0.45
O201069,C5085,2024-04-12,web,,11.01
O201070,C5250,2024-03-19,web,,1.68
O201071,C5179,2024-03-30,app,,6.62
O201072,C5206,2024-03-14,app,,3.29
O201073,C5343,2024-04-02,app,VIP20,0.78
O201074,C5148,2024-02-29,web,,0.6
O201075,C5070,2024-03-20,web,,1.39
O201076,C5120,2024-05-21,app,VIP20,0.86
O201077,C5252,2024-04-21,web,,9.13
O201078,C5092,2024-03-06,app,,5.83
O201079,C5255,2024-04-04,app,WELCOME,4.11
O201080,C5253,2024-06-11,app,,5.02
O201081,C5287,2024-03-24,web,,11.15
O201082,C5308,2024-03-03,tienda,,10.93
O201083,C5058,2024-05-07,web,,8.59
O201084,C5068,2024-02-04,tienda,,10.62
O201085,C5085,2024-03-31,web,,3.84
O201086,C5273,2024-06-16,web,VIP20,4.57
O201087,C5226,2024-04-03,tienda,DESC10,7.36
O201088,C5080,2024-05-27,web,WELCOME,7.48
O201089,C5113,2024-03-02,app,,5.78
O201090,C5183,2024-04-01,app,DESC10,4.81
O201091,C5279,2024-03-28,tienda,,11.83
O201092,C5321,2024-05-04,tienda,,9.85
O201093,C5317,2024-04-14,web,DESC10,5.22
O201094,C5053,2024-02-07,app,,8.73
O201095,C5196,2024-06-26,web,,3.23
O201096,C5292,2024-03-22,web,DESC10,1.2
O201097,C5292,2024-04-14,app,,4.23
O201098,C5290,2024-03-30,web,VIP20,4.84
O201099,C5179,2024-04-11,app,DESC10,0.2
O201100,C5221,2024-04-07,app,,9.78
O201101,C5273,2024-03-09,app,FREESHIP,4.31
O201102,C5243,2024-05-18,tienda,FREESHIP,6.97
O201103,C5153,2024-03-16,web,VIP20,0.89
O201104,C5303,2024-03-14,app,VIP20,2.1
O201105,C5272,2024-02-19,tienda,WELCOME,10.68
O201106,C5134,2024-03-21,web,VIP20,7.3
O201107,C5312,2024-03-16,web,,11.4
O201108,C5007,2024-01-22,app,,11.99
O201109,C5127,2024-02-07,web,,4.46
O201110,C5055,2024-04-02,web,DESC10,3.59
O201111,C5125,2024-06-22,app,VIP20,10.3
O201112,C5158,2024-02-23,app,FREESHIP,11.98
O201113,C5058,2024-04-10,tienda,,7.56
O201114,C5057,2024-04-01,app,,9.54
O201115,C5139,2024-05-11,app,,9.38
O201116,C5175,2024-05-15,web,,4.26
O201117,C5107,2024-08-13,web,,6.89
O201118,C5210,2024-04-22,web,,10.0
O201119,C5073,2024-03-12,tienda,,8.26
O201120,C5166,2024-03-20,web,WELCOME,0.25
O201121,C5303,2024-03-24,web,DESC10,4.04
O201122,C5232,2024-03-17,app,,1.73
O201123,C5326,2024-07-10,web,,2.8
O201124,C5181,2024-05-12,web,DESC10,10.87
O201125,C5121,2024-02-16,app,,0.44
O201126,C5333,2024-05-03,web,,2.64
O201127,C5202,2024-03-04,web,,3.71
O201128,C5028,2024-05-14,web,,7.4
O201129,C5201,2024-06-06,app,,6.41
O201130,C5092,2024-04-02,app,WELCOME,2.62
O201131,C5328,2024-03-20,web,,1.97
O201132,C5175,2024-06-27,app,,2.84
O201133,C5329,2024-03-15,web,,6.03
O201134,C5210,2024-03-12,tienda,DESC10,3.25
O201135,C5183,2024-03-07,web,VIP20,11.37
O201136,C5094,2024-04-08,app,,5.57
O201137,C5272,2024-04-22,tienda,,0.71
O201138,C5136,2024-05-28,app,WELCOME,8.75
O201139,C5236,2024-05-06,web,WELCOME,3.95
O201140,C5264,2024-05-05,web,VIP20,7.84
O201141,C5134,2024-06-15,app,FREESHIP,3.36
O201142,C5143,2024-03-06,web,VIP20,6.85
O201143,C5018,2024-02-21,app,FREESHIP,9.27
O201144,C5230,2024-05-08,app,WELCOME,11.14
O201145,C5133,2024-04-06,app,FREESHIP,3.13
O201146,C5113,2024-05-28,web,WELCOME,4.02
O201147,C5138,2024-04-10,app,FREESHIP,5.57
O201148,C5124,2024-03-19,app,,11.13
O201149,C5203,2024-05-09,app,WELCOME,10.82
O201150,C5060,2024-04-15,web,VIP20,1.08
O201151,C5249,2024-04-10,web,DESC10,1.58
O201152,C5297,2024-08-30,web,DESC10,5.95
O201153,C5012,2024-06-10,web,WELCOME,1.28
O201154,C5254,2024-05-16,app,,4.15
O201155,C5084,2024-04-16,tienda,,1.78
O201156,C5019,2024-04-13,web,DESC10,7.63
O201157,C5049,2024-03-30,app,VIP20,11.39
O201158,C5163,2024-04-21,web,,11.96
O201159,C5091,2024-03-23,web,DESC10,4.5
O201160,C5087,2024-02-29,web,,7.19
O201161,C5068,2024-04-09,web,,10.28
O201162,C5036,2024-04-24,tienda,,1.41
O201163,C5252,2024-05-28,web,WELCOME,8.27
O201164,C5251,2024-03-12,app,,4.91
O201165,C5139,2024-04-13,web,VIP20,2.47
O201166,C5167,2024-05-05,tienda,VIP20,4.83
O201167,C5053,2024-05-04,web,DESC10,0.91
O201168,C5177,2024-07-06,web,,8.34
O201169,C5296,2024-03-31,web,,3.03
O201170,C5300,2024-03-10,web,,3.74
O201171,C5105,2024-04-16,web,DESC10,1.45
O201172,C5136,2024-04-02,tienda,WELCOME,10.38
O201173,C5189,2024-03-26,app,,5.92
O201174,C5127,2024-03-21,app,,6.87
O201175,C5341,2024-04-25,app,FREESHIP,6.83
O201176,C5046,2024-03-17,web,WELCOME,4.93
O201177,C5004,2024-05-16,web,DESC10,2.31
O201178,C5256,2024-05-13,tienda,,8.94
O201179,C5299,2024-04-29,app,,1.52
O201180,C5149,2024-03-06,tienda,FREESHIP,1.25
O201181,C5293,2024-04-23,app,WELCOME,8.52
O201182,C5242,2024-06-01,web,DESC10,2.51
O201183,C5274,2024-05-20,web,,3.68
O201184,C5207,2024-05-12,web,VIP20,5.7
O201185,C5114,2024-04-12,web,DESC10,5.39
O201186,C5194,2024-04-10,web,,8.5
O201187,C5342,2024-06-11,web,,7.48
O201188,C5169,2024-04-24,app,WELCOME,7.73
O201189,C5081,2024-04-25,tienda,DESC10,8.57
O201190,C5153,2024-09-28,app,VIP20,3.51
O201191,C5140,2024-03-30,tienda,DESC10,3.87
O201192,C5313,2024-02-06,web,,5.26
O201193,C5145,2024-04-04,web,,3.69
O201194,C5322,2024-04-07,app,FREESHIP,11.82
O201195,C5121,2024-04-23,web,,9.77
O201196,C5251,2024-05-04,web,DESC10,1.98
O201197,C5342,2024-02-09,web,FREESHIP,0.07
O201198,C5310,2024-05-05,web,FREESHIP,0.51
O201199,C5088,2024-04-09,app,,2.93
O201200,C5057,2024-04-01,web,,1.37
O201201,C5062,2024-02-17,app,FREESHIP,6.4
O201202,C5346,2024-06-25,app,DESC10,10.3
O201203,C5307,2024-03-26,web,WELCOME,8.84
O201204,C5279,2024-05-12,web,WELCOME,2.59
O201205,C5071,2024-03-12,web,,4.79
O201206,C5008,2024-04-25,web,FREESHIP,6.09
O201207,C5093,2024-04-01,app,DESC10,9.72
O201208,C5338,2024-05-11,app,DESC10,10.07
O201209,C5335,2024-03-31,app,,10.92
O201210,C5151,2024-03-10,web,,6.11
O201211,C5039,2024-04-11,app,VIP20,8.33
O201212,C5061,2024-04-09,app,,1.34
O201213,C5253,2024-04-22,web,VIP20,6.78
O201214,C5068,2024-05-26,app,,2.98
O201215,C5244,2024-03-04,web,,5.18
O201216,C5169,2024-05-23,app,,7.61
O201217,C5177,2024-02-29,app,VIP20,3.08
O201218,C5188,2024-05-09,web,DESC10,0.63
O201219,C5259,2024-05-10,app,WELCOME,0.12
O201220,C5071,2024-03-24,web,,0.27
O201221,C5016,2024-03-13,web,VIP20,0.1
O201222,C5340,2024-03-12,tienda,,1.32
O201223,C5056,2024-04-15,tienda,FREESHIP,2.87
O201224,C5217,2024-05-14,web,,2.65
O201225,C5106,2024-04-06,web,,11.84
O201226,C5303,2024-02-04,web,,3.67
O201227,C5172,2024-03-21,web,FREESHIP,1.53
O201228,C5218,2024-03-20,app,,6.55
O201229,C5246,2024-05-03,tienda,DESC10,10.3
O201230,C5217,2024-05-06,app,WELCOME,8.14
O201231,C5030,2024-04-18,web,,3.55
O201232,C5046,2024-05-24,app,VIP20,6.74
O201233,C5133,2024-05-28,web,VIP20,8.58
O201234,C5107,2024-03-23,tienda,WELCOME,8.74
O201235,C5071,2024-03-11,tienda,VIP20,8.0
O201236,C5326,2024-04-08,app,,10.45
O201237,C5107,2024-04-18,web,WELCOME,10.44
O201238,C5308,2024-03-22,web,FREESHIP,6.95
O201239,C5271,2024-10-25,web,VIP20,5.16
O201240,C5170,2024-06-21,app,VIP20,7.7
O201241,C5115,2024-03-19,web,,9.82
O201242,C5328,2024-03-05,web,,0.07
O201243,C5073,2024-03-16,web,,11.9
O201244,C5255,2024-05-29,app,WELCOME,2.19
O201245,C5080,2024-05-30,web,FREESHIP,5.64
O201246,C5267,2024-06-21,tienda,WELCOME,10.46
O201247,C5127,2024-03-10,tienda,,2.7
O201248,C5325,2024-05-03,tienda,DESC10,5.72
O201249,C5234,2024-03-13,web,FREESHIP,1.59
O201250,C5040,2024-07-06,web,FREESHIP,4.74
O201251,C5180,2024-03-11,web,,2.13
O201252,C5156,2024-02-28,web,WELCOME,4.36
O201253,C5058,2024-03-03,web,WELCOME,4.48
O201254,C5344,2024-04-11,app,,11.92
O201255,C5248,2024-05-13,web,FREESHIP,11.94
O201256,C5191,2024-05-10,tienda,,1.38
O201257,C5023,2024-03-05,web,DESC10,8.71
O201258,C5079,2024-03-27,app,,0.62
O201259,C5133,2024-03-23,app,,0.36
O201260,C5212,2024-03-01,app,WELCOME,1.26
O201261,C5347,2024-03-22,tienda,VIP20,11.59
O201262,C5165,2024-06-18,app,,11.29
O201263,C5347,2024-02-26,tienda,,2.33
O201264,C5336,2024-04-21,web,DESC10,1.94
O201265,C5070,2024-06-20,app,VIP20,2.89
O201266,C5213,2024-06-17,web,WELCOME,6.19
O201267,C5064,2024-07-10,web,,6.84
O201268,C5220,2024-04-25,web,,2.66
O201269,C5307,2024-05-02,web,WELCOME,9.08
O201270,C5285,2024-03-22,web,,3.71
O201271,C5184,2024-02-26,web,VIP20,11.07
O201272,C5206,2024-04-05,web,WELCOME,7.88
O201273,C5098,2024-06-05,tienda,VIP20,5.24
O201274,C5241,2024-02-03,web,DESC10,9.48
O201275,C5157,2024-03-24,app,,9.81
O201276,C5097,2024-05-07,web,,3.49
O201277,C5041,2024-04-12,tienda,,4.08
O201278,C5138,2024-06-13,tienda,VIP20,11.23
O201279,C5282,2024-05-30,app,DESC10,1.98
O201280,C5226,2024-02-23,app,DESC10,0.51
O201281,C5071,2024-04-15,web,,5.45
O201282,C5242,2024-03-14,tienda,,9.61
O201283,C5017,2024-03-14,tienda,WELCOME,9.26
O201284,C5076,2024-02-24,tienda,,11.03
O201285,C5044,2024-04-22,app,WELCOME,6.4
O201286,C5342,2024-06-14,web,WELCOME,1.2
O201287,C5139,2024-04-26,tienda,WELCOME,7.06
O201288,C5176,2024-02-23,web,,9.34
O201289,C5221,2024-04-09,app,,1.12
O201290,C5091,2024-05-05,web,DESC10,2.07
O201291,C5021,2024-04-06,tienda,,0.15
O201292,C5171,2024-04-25,web,,7.12
O201293,C5091,2024-03-17,web,,10.64
O201294,C5191,2024-04-02,app,,8.05
O201295,C5076,2024-03-30,app,,11.78
O201296,C5280,2024-06-26,app,DESC10,0.76
O201297,C5178,2024-03-05,web,DESC10,10.84
O201298,C5237,2024-02-06,web,FREESHIP,9.77
O201299,C5134,2024-06-22,app,,3.77
O201300,C5279,2024-04-17,tienda,,11.68
O201301,C5018,2024-02-28,app,,3.46
O201302,C5082,2024-05-24,web,VIP20,10.67
O201303,C5227,2024-05-08,tienda,,10.57
O201304,C5264,2024-07-08,web,,9.09
O201305,C5111,2024-04-20,app,,6.76
O201306,C5250,2024-08-30,web,DESC10,1.44
O201307,C5163,2024-04-07,web,DESC10,6.38
O201308,C5167,2024-05-08,app,,4.28
O201309,C5220,2024-05-15,app,,9.51
O201310,C5303,2024-10-28,web,,9.1
O201311,C5190,2024-03-25,web,WELCOME,10.93
O201312,C5324,2024-03-24,web,,0.18
O201313,C5169,2024-05-16,app,WELCOME,9.71
O201314,C5044,2024-02-26,web,,11.26
O201315,C5013,2024-03-14,web,,9.47
O201316,C5230,2024-04-06,app,,1.56
O201317,C5156,2024-07-05,app,,0.98
O201318,C5133,2024-05-16,app,,0.25
O201319,C5036,2024-04-15,app,,7.54
O201320,C5052,2024-03-22,tienda,,7.56
O201321,C5017,2024-02-05,tienda,,11.84
O201322,C5037,2024-08-04,app,VIP20,4.78
O201323,C5186,2024-04-09,app,,3.98
O201324,C5195,2024-03-14,web,FREESHIP,7.49
O201325,C5242,2024-08-21,tienda,,9.91
O201326,C5299,2024-02-27,web,DESC10,11.24
O201327,C5302,2024-06-16,web,WELCOME,9.64
O201328,C5034,2024-04-12,web,FREESHIP,5.12
O201329,C5214,2024-05-16,web,DESC10,7.62
O201330,C5218,2024-05-06,tienda,FREESHIP,10.28
O201331,C5315,2024-05-15,app,,5.89
O201332,C5089,2024-08-30,app,,2.6
O201333,C5307,2024-08-15,app,WELCOME,2.04
O201334,C5251,2024-03-16,web,,0.0
O201335,C5007,2024-05-04,web,VIP20,8.62
O201336,C5255,2024-02-15,app,,1.33
O201337,C5207,2024-05-21,app,WELCOME,2.93
O201338,C5130,2024-06-04,web,VIP20,3.57
O201339,C5223,2024-02-06,app,DESC10,6.72
O201340,C5196,2024-04-11,web,,4.78
O201341,C5141,2024-05-16,web,FREESHIP,8.1
O201342,C5251,2024-04-27,web,WELCOME,0.67
O201343,C5095,2024-02-28,web,VIP20,1.49
O201344,C5025,2024-03-02,app,,5.99
O201345,C5110,2024-04-06,app,,4.04
O201346,C5122,2024-03-25,web,,3.55
O201347,C5185,2024-03-29,app,VIP20,0.8
O201348,C5167,2024-02-24,app,WELCOME,10.75
O201349,C5050,2024-04-13,web,DESC10,8.3
O201350,C5004,2024-07-06,web,,1.46
O201351,C5076,2024-02-29,tienda,,0.78
O201352,C5159,2024-04-02,app,WELCOME,11.7
O201353,C5207,2024-05-10,tienda,,8.17
O201354,C5256,2024-02-18,web,DESC10,5.01
O201355,C5204,2024-04-13,app,,8.42
O201356,C5254,2024-06-02,web,,9.08
O201357,C5010,2024-03-06,web,,9.36
O201358,C5007,2024-04-17,app,,5.73
O201359,C5031,2024-05-28,web,VIP20,5.16
O201360,C5027,2024-08-25,web,,0.13
O201361,C5205,2024-04-15,web,VIP20,11.12
O201362,C5227,2024-03-15,web,,7.24
O201363,C5127,2024-02-12,app,FREESHIP,2.44
O201364,C5254,2024-03-15,web,,11.04
O201365,C5211,2024-02-23,web,,10.98
O201366,C5238,2024-07-12,web,WELCOME,11.87
O201367,C5206,2024-05-25,web,VIP20,10.49
O201368,C5317,2024-03-02,app,,11.97
O201369,C5282,2024-03-13,web,,2.94
O201370,C5244,2024-04-14,app,VIP20,10.11
O201371,C5044,2024-06-01,web,VIP20,9.88
O201372,C5104,2024-05-05,web,,2.77
O201373,C5347,2024-04-30,tienda,,1.18
O201374,C5280,2024-04-20,app,,11.75
O201375,C5233,2024-03-03,web,FREESHIP,3.55
O201376,C5188,2024-04-15,app,DESC10,10.45
O201377,C5043,2024-04-10,web,,0.05
O201378,C5224,2024-02-22,app,,0.25
O201379,C5141,2024-07-10,app,VIP20,5.59
O201380,C5135,2024-03-19,app,,2.86
O201381,C5175,2024-02-23,tienda,DESC10,8.28
O201382,C5141,2024-03-25,web,VIP20,6.79
O201383,C5079,2024-04-01,app,,0.93
O201384,C5081,2024-04-09,web,DESC10,1.95
O201385,C5134,2024-03-31,web,,4.66
O201386,C5206,2024-04-11,web,,2.23
O201387,C5343,2024-04-18,web,WELCOME,9.51
O201388,C5176,2024-04-16,app,,4.99
O201389,C5242,2024-04-29,app,,1.12
O201390,C5054,2024-05-02,app,FREESHIP,5.81
O201391,C5140,2024-05-03,web,DESC10,1.09
O201392,C5055,2024-05-16,web,VIP20,1.55
O201393,C5014,2024-03-16,tienda,,2.88
O201394,C5184,2024-03-17,web,VIP20,10.31
O201395,C5313,2024-06-02,app,,11.1
O201396,C5087,2024-03-26,app,,9.92
O201397,C5096,2024-04-06,app,WELCOME,4.01
O201398,C5143,2024-04-03,app,,3.27
O201399,C5007,2024-08-21,tienda,,6.59
O201400,C5214,2024-03-10,web,WELCOME,8.66
O201401,C5172,2024-03-10,tienda,FREESHIP,11.92
O201402,C5222,2024-04-11,web,,1.58
O201403,C5039,2024-04-04,web,FREESHIP,0.59
O201404,C5181,2024-03-01,web,VIP20,8.33
O201405,C5269,2024-04-08,app,,9.99
O201406,C5186,2024-04-12,web,,10.16
O201407,C5244,2024-03-22,web,,8.14
O201408,C5308,2024-04-05,web,WELCOME,11.45
O201409,C5230,2024-03-13,tienda,WELCOME,6.13
O201410,C5154,2024-03-01,app,,10.97
O201411,C5174,2024-03-26,app,,11.61
O201412,C5335,2024-03-06,app,DESC10,10.17
O201413,C5114,2024-02-25,web,DESC10,3.72
O201414,C5310,2024-02-11,web,VIP20,2.35
O201415,C5299,2024-04-21,tienda,DESC10,6.58
O201416,C5017,2024-03-25,web,VIP20,5.44
O201417,C5271,2024-06-02,web,,10.53
O201418,C5011,2024-02-09,web,DESC10,1.2
O201419,C5300,2024-03-27,web,FREESHIP,3.09
O201420,C5191,2024-04-21,web,,9.02
O201421,C5231,2024-03-18,app,WELCOME,1.14
O201422,C5092,2024-04-10,web,,3.85
O201423,C5217,2024-02-11,app,,4.65
O201424,C5277,2024-03-25,web,VIP20,7.47
O201425,C5302,2024-03-10,web,FREESHIP,1.9
O201426,C5028,2024-05-27,web,DESC10,10.33
O201427,C5300,2024-04-18,app,,5.37
O201428,C5076,2024-05-18,web,,11.0
O201429,C5008,2024-06-09,app,,5.61
O201430,C5023,2024-03-22,app,,3.3
O201431,C5014,2024-04-16,app,FREESHIP,1.7
O201432,C5163,2024-03-03,web,,0.04
O201433,C5012,2024-04-28,web,VIP20,6.39
O201434,C5346,2024-05-05,web,VIP20,1.29
O201435,C5171,2024-04-24,app,WELCOME,4.7
O201436,C5326,2024-03-22,web,,7.07
O201437,C5199,2024-07-18,app,VIP20,3.31
O201438,C5075,2024-04-12,tienda,DESC10,2.1
O201439,C5163,2024-10-13,web,,9.3
O201440,C5060,2024-03-03,web,FREESHIP,11.36
O201441,C5244,2024-05-09,app,FREESHIP,1.21
O201442,C5154,2024-05-28,web,,1.87
O201443,C5256,2024-03-04,web,,11.52
O201444,C5243,2024-04-01,tienda,,0.45
O201445,C5161,2024-02-23,web,,11.73
O201446,C5067,2024-06-11,tienda,,0.06
O201447,C5343,2024-04-07,app,,10.48
O201448,C5276,2024-03-10,app,DESC10,3.69
O201449,C5160,2024-05-29,web,,11.26
O201450,C5258,2024-04-11,web,DESC10,3.8
O201451,C5306,2024-05-21,app,FREESHIP,7.85
O201452,C5334,2024-05-01,web,VIP20,0.96
O201453,C5094,2024-03-06,web,VIP20,2.91
O201454,C5245,2024-03-21,web,,9.28
O201455,C5220,2024-03-11,web,,6.34
O201456,C5122,2024-03-01,web,,11.14
O201457,C5186,2024-02-16,app,,5.15
O201458,C5261,2024-08-03,web,WELCOME,10.44
O201459,C5272,2024-04-24,web,,5.39
O201460,C5059,2024-04-30,app,DESC10,11.75
O201461,C5124,2024-06-05,tienda,VIP20,11.52
O201462,C5336,2024-03-21,web,DESC10,3.95
O201463,C5340,2024-02-24,web,,10.63
O201464,C5050,2024-05-16,app,,10.17
O201465,C5177,2024-02-28,tienda,,2.53
O201466,C5138,2024-05-14,app,DESC10,7.49
O201467,C5326,2024-02-21,app,WELCOME,0.87
O201468,C5169,2024-02-26,web,VIP20,10.04
O201469,C5038,2024-03-17,app,WELCOME,2.09
O201470,C5068,2024-05-12,web,,0.85
O201471,C5235,2024-07-07,app,FREESHIP,4.8
O201472,C5047,2024-04-30,app,,6.92
O201473,C5056,2024-03-19,tienda,WELCOME,10.26
O201474,C5276,2024-05-26,web,,11.69
O201475,C5337,2024-02-20,web,,5.27
O201476,C5098,2024-03-08,app,FREESHIP,0.73
O201477,C5014,2024-04-15,app,DESC10,8.99
O201478,C5324,2024-05-18,app,WELCOME,6.78
O201479,C5178,2024-04-03,web,WELCOME,5.37
O201480,C5331,2024-03-30,web,,3.71
O201481,C5061,2024-04-01,app,VIP20,6.03
O201482,C5118,2024-06-04,web,DESC10,4.06
O201483,C5036,2024-03-13,tienda,WELCOME,9.08
O201484,C5133,2024-03-06,web,WELCOME,6.53
O201485,C5025,2024-03-31,app,DESC10,10.52
O201486,C5007,2024-06-13,app,FREESHIP,6.52
O201487,C5003,2024-03-17,app,,2.86
O201488,C5020,2024-04-01,web,DESC10,10.21
O201489,C5148,2024-02-20,app,,6.69
O201490,C5024,2024-04-02,web,FREESHIP,2.48
O201491,C5142,2024-04-21,app,FREESHIP,7.48
O201492,C5244,2024-02-28,web,,4.29
O201493,C5042,2024-06-04,web,,10.13
O201494,C5292,2024-04-21,web,,5.44
O201495,C5184,2024-03-22,web,FREESHIP,8.72
O201496,C5041,2024-04-21,tienda,,1.15
O201497,C5091,2024-05-03,web,,4.75
O201498,C5316,2024-02-13,app,,11.8
O201499,C5323,2024-04-23,tienda,FREESHIP,9.7
O201500,C5052,2024-06-11,web,,1.92
O201501,C5083,2024-03-13,app,FREESHIP,3.33
O201502,C5033,2024-03-23,web,DESC10,3.96
O201503,C5075,2024-03-28,web,,7.8
O201504,C5196,2024-05-18,web,,9.08
O201505,C5285,2024-03-04,tienda,DESC10,8.99
O201506,C5087,2024-05-01,web,WELCOME,6.12
O201507,C5234,2024-03-29,app,FREESHIP,9.73
O201508,C5231,2024-07-10,app,VIP20,5.24
O201509,C5006,2024-03-31,tienda,,1.49
O201510,C5291,2024-02-03,web,,6.77
O201511,C5037,2024-05-10,app,FREESHIP,11.43
O201512,C5051,2024-04-28,app,,9.52
O201513,C5142,2024-04-19,app,,6.94
O201514,C5220,2024-06-09,tienda,VIP20,7.76
O201515,C5239,2024-02-16,app,WELCOME,11.17
O201516,C5142,2024-03-08,web,,5.14
O201517,C5348,2024-04-10,web,,3.98
O201518,C5048,2024-04-16,web,VIP20,11.73
O201519,C5276,2024-04-04,web,FREESHIP,10.36
O201520,C5270,2024-02-20,web,FREESHIP,3.88
O201521,C5013,2024-03-23,web,,5.57
O201522,C5297,2024-07-05,web,,4.98
O201523,C5014,2024-03-02,tienda,WELCOME,1.79
O201524,C5233,2024-04-09,web,FREESHIP,11.49
O201525,C5062,2024-05-01,tienda,,4.85
O201526,C5195,2024-05-17,web,,10.5
O201527,C5026,2024-05-10,app,WELCOME,2.27
O201528,C5092,2024-03-20,app,,6.57
O201529,C5104,2024-03-08,web,,0.29
O201530,C5308,2024-07-11,web,,9.17
O201531,C5051,2024-05-22,web,,6.97
O201532,C5318,2024-04-12,web,FREESHIP,7.51
O201533,C5180,2024-06-20,tienda,DESC10,0.62
O201534,C5056,2024-02-19,app,,2.53
O201535,C5119,2024-02-24,web,WELCOME,0.89
O201536,C5307,2024-02-04,web,DESC10,3.47
O201537,C5042,2024-04-16,web,,7.53
O201538,C5134,2024-04-18,web,,6.79
O201539,C5259,2024-02-22,app,VIP20,7.35
O201540,C5196,2024-05-20,web,,6.59
O201541,C5132,2024-02-10,app,VIP20,3.28
O201542,C5254,2024-04-25,web,VIP20,2.93
O201543,C5219,2024-05-06,web,VIP20,1.64
O201544,C5335,2024-04-15,app,,10.19
O201545,C5040,2024-02-19,web,,7.4
O201546,C5254,2024-06-08,tienda,,2.24
O201547,C5001,2024-03-22,tienda,VIP20,2.13
O201548,C5194,2024-03-22,web,,10.48
O201549,C5241,2024-03-15,web,VIP20,8.91
O201550,C5148,2024-05-12,app,,7.91
O201551,C5197,2024-03-20,tienda,WELCOME,4.88
O201552,C5298,2024-02-29,app,VIP20,3.14
O201553,C5244,2024-05-27,web,DESC10,11.75
O201554,C5337,2024-04-08,tienda,,9.57
O201555,C5107,2024-05-29,web,VIP20,3.62
O201556,C5211,2024-04-11,app,,10.17
O201557,C5155,2024-03-13,tienda,,9.11
O201558,C5025,2024-02-13,web,VIP20,3.56
O201559,C5081,2024-04-16,tienda,DESC10,5.12
O201560,C5082,2024-03-28,web,VIP20,2.23
O201561,C5130,2024-05-14,tienda,FREESHIP,1.33
O201562,C5328,2024-03-18,web,WELCOME,8.67
O201563,C5099,2024-04-27,tienda,,3.21
O201564,C5255,2024-04-09,web,,9.84
O201565,C5048,2024-03-10,app,,11.95
O201566,C5062,2024-03-21,app,WELCOME,0.92
O201567,C5310,2024-02-24,web,,5.68
O201568,C5289,2024-07-17,web,,9.62
O201569,C5104,2024-04-26,app,FREESHIP,9.47
O201570,C5104,2024-02-22,web,VIP20,9.12
O201571,C5324,2024-07-12,app,,4.19
O201572,C5014,2024-03-02,web,WELCOME,5.45
O201573,C5174,2024-03-18,tienda,DESC10,7.14
O201574,C5258,2024-03-31,web,WELCOME,11.69
O201575,C5210,2024-04-10,web,VIP20,3.93
O201576,C5258,2024-05-12,web,FREESHIP,11.08
O201577,C5101,2024-02-08,web,,3.23
O201578,C5259,2024-04-11,web,,11.87
O201579,C5343,2024-03-29,web,,8.04
O201580,C5158,2024-04-17,tienda,FREESHIP,5.56
O201581,C5044,2024-03-27,app,,7.36
O201582,C5300,2024-03-23,app,VIP20,3.27
O201583,C5250,2024-04-04,web,FREESHIP,3.29
O201584,C5330,2024-07-08,app,,1.36
O201585,C5164,2024-03-23,web,WELCOME,1.37
O201586,C5192,2024-06-05,app,VIP20,4.17
O201587,C5008,2024-04-15,web,,9.15
O201588,C5064,2024-04-13,web,WELCOME,7.3
O201589,C5281,2024-04-17,web,,1.23
O201590,C5180,2024-05-01,tienda,VIP20,10.23
O201591,C5281,2024-03-26,web,DESC10,7.22
O201592,C5278,2024-06-01,app,WELCOME,11.53
O201593,C5029,2024-05-01,web,,8.04
O201594,C5265,2024-02-26,app,,2.1
O201595,C5327,2024-02-03,tienda,,5.69
O201596,C5216,2024-07-06,web,,7.78
O201597,C5319,2024-04-19,web,,0.34
O201598,C5104,2024-02-23,tienda,VIP20,0.18
O201599,C5183,2024-03-23,app,,1.55
O201600,C5329,2024-05-22,web,,3.02
O201601,C5147,2024-04-02,app,,5.15
O201602,C5104,2024-04-06,app,VIP20,5.85
O201603,C5046,2024-05-11,web,,1.66
O201604,C5086,2024-04-23,app,DESC10,8.08
O201605,C5308,2024-05-05,web,DESC10,7.15
O201606,C5128,2024-05-11,web,FREESHIP,3.53
O201607,C5257,2024-03-14,app,,0.16
O201608,C5313,2024-03-17,web,VIP20,0.93
O201609,C5146,2024-03-10,web,WELCOME,4.7
O201610,C5071,2024-03-18,app,,1.85
O201611,C5139,2024-04-04,tienda,WELCOME,4.52
O201612,C5026,2024-04-07,tienda,,7.54
O201613,C5028,2024-06-18,tienda,,6.57
O201614,C5270,2024-04-21,tienda,,2.77
O201615,C5173,2024-04-05,web,WELCOME,4.13
O201616,C5252,2024-03-04,web,,7.37
O201617,C5059,2024-03-28,app,WELCOME,10.33
O201618,C5106,2024-07-11,web,DESC10,9.04
O201619,C5219,2024-07-10,app,VIP20,6.64
O201620,C5258,2024-03-28,app,DESC10,4.35
O201621,C5145,2024-02-15,web,,4.38
O201622,C5051,2024-03-23,tienda,,10.55
O201623,C5059,2024-06-19,app,WELCOME,0.47
O201624,C5033,2024-04-04,web,,11.86
O201625,C5095,2024-05-11,tienda,,7.97
O201626,C5088,2024-04-09,web,VIP20,8.17
O201627,C5315,2024-02-21,web,,0.46
O201628,C5230,2024-04-10,app,,7.27
O201629,C5274,2024-05-18,app,,5.82
O201630,C5245,2024-03-18,app,FREESHIP,1.27
O201631,C5110,2024-05-17,app,,3.34
O201632,C5233,2024-04-13,app,FREESHIP,10.68
O201633,C5277,2024-05-14,web,VIP20,6.6
O201634,C5165,2024-04-24,tienda,,4.96
O201635,C5127,2024-03-05,tienda,,0.87
O201636,C5236,2024-03-28,web,VIP20,8.57
O201637,C5290,2024-03-27,web,,8.43
O201638,C5106,2024-03-16,tienda,DESC10,7.37
O201639,C5127,2024-04-20,tienda,,6.12
O201640,C5194,2024-07-26,tienda,FREESHIP,5.21
O201641,C5338,2024-06-01,tienda,,7.12
O201642,C5142,2024-06-09,app,WELCOME,2.8
O201643,C5110,2024-03-15,app,VIP20,11.3
O201644,C5089,2024-06-10,app,,7.07
O201645,C5250,2024-07-02,web,FREESHIP,3.73
O201646,C5279,2024-03-13,app,,5.4
O201647,C5332,2024-04-29,app,FREESHIP,9.67
O201648,C5223,2024-04-30,app,,1.94
O201649,C5100,2024-03-31,app,,3.51
O201650,C5131,2024-04-16,web,WELCOME,8.15
O201651,C5012,2024-05-02,web,FREESHIP,3.79
O201652,C5097,2024-04-03,web,,9.51
O201653,C5119,2024-05-29,web,WELCOME,1.57
O201654,C5292,2024-02-26,web,FREESHIP,9.15
O201655,C5303,2024-03-27,tienda,,0.82
O201656,C5198,2024-05-12,web,,0.15
O201657,C5000,2024-07-16,web,VIP20,10.78
O201658,C5059,2024-06-02,app,FREESHIP,6.98
O201659,C5249,2024-04-16,app,FREESHIP,4.22
O201660,C5139,2024-04-04,web,DESC10,2.79
O201661,C5148,2024-03-29,app,WELCOME,7.4
O201662,C5043,2024-03-29,app,WELCOME,6.11
O201663,C5185,2024-02-13,web,WELCOME,11.9
O201664,C5107,2024-07-13,web,WELCOME,11.8
O201665,C5043,2024-04-07,tienda,,7.62
O201666,C5077,2024-03-12,app,,5.31
O201667,C5225,2024-04-28,app,,5.89
O201668,C5161,2024-03-14,web,,8.19
O201669,C5280,2024-05-23,web,FREESHIP,1.22
O201670,C5252,2024-03-13,app,FREESHIP,3.94
O201671,C5131,2024-05-15,web,FREESHIP,0.9
O201672,C5143,2024-03-29,web,FREESHIP,0.88
O201673,C5265,2024-04-22,app,WELCOME,2.35
O201674,C5108,2024-05-19,web,WELCOME,5.82
O201675,C5193,2024-03-20,app,,9.42
O201676,C5034,2024-05-18,app,,5.83
O201677,C5274,2024-02-14,web,DESC10,4.03
O201678,C5186,2024-06-26,app,WELCOME,0.99
O201679,C5242,2024-05-27,web,WELCOME,6.6
O201680,C5263,2024-04-06,app,VIP20,3.26
O201681,C5009,2024-06-07,web,WELCOME,7.38
O201682,C5165,2024-05-31,web,,11.73
O201683,C5028,2024-04-10,app,,1.34
O201684,C5270,2024-04-09,web,,2.55
O201685,C5086,2024-03-08,tienda,WELCOME,5.68
O201686,C5022,2024-04-12,web,,11.62
O201687,C5209,2024-02-20,web,VIP20,9.26
O201688,C5045,2024-05-14,app,DESC10,10.78
O201689,C5027,2024-05-15,web,FREESHIP,4.0
O201690,C5025,2024-02-14,web,WELCOME,11.9
O201691,C5265,2024-06-19,app,,1.23
O201692,C5174,2024-03-17,app,,0.64
O201693,C5003,2024-10-04,tienda,,10.27
O201694,C5310,2024-04-19,tienda,DESC10,11.13
O201695,C5321,2024-06-20,web,VIP20,1.09
O201696,C5066,2024-03-07,app,,1.36
O201697,C5134,2024-03-29,web,,0.4
O201698,C5054,2024-03-20,app,,1.25
O201699,C5030,2024-02-20,web,,2.51
O201700,C5073,2024-02-26,tienda,FREESHIP,11.64
O201701,C5018,2024-04-04,app,,8.01
O201702,C5155,2024-04-26,tienda,VIP20,9.34
O201703,C5336,2024-03-04,app,FREESHIP,9.31
O201704,C5155,2024-03-26,tienda,,6.42
O201705,C5146,2024-03-14,app,DESC10,9.57
O201706,C5086,2024-04-07,web,WELCOME,7.15
O201707,C5019,2024-05-10,web,VIP20,3.77
O201708,C5268,2024-04-14,web,,6.73
O201709,C5332,2024-03-19,web,VIP20,6.4
O201710,C5042,2024-05-29,app,,9.88
O201711,C5305,2024-04-25,app,VIP20,11.78
O201712,C5027,2024-04-15,app,VIP20,4.93
O201713,C5259,2024-03-04,tienda,,9.16
O201714,C5021,2024-05-23,tienda,DESC10,1.2
O201715,C5100,2024-04-30,web,WELCOME,9.32
O201716,C5038,2024-05-02,web,WELCOME,4.46
O201717,C5289,2024-04-01,web,,0.47
O201718,C5299,2024-03-25,web,VIP20,4.36
O201719,C5169,2024-07-14,app,WELCOME,7.33
O201720,C5295,2024-03-24,app,FREESHIP,1.43
O201721,C5129,2024-02-28,app,DESC10,11.09
O201722,C5155,2024-04-17,tienda,,0.93
O201723,C5073,2024-04-09,app,,11.16
O201724,C5341,2024-06-01,web,,8.49
O201725,C5089,2024-04-04,app,,3.96
O201726,C5066,2024-05-08,web,,4.69
O201727,C5235,2024-06-24,web,,8.89
O201728,C5199,2024-04-27,web,DESC10,7.22
O201729,C5331,2024-03-06,web,,8.06
O201730,C5226,2024-02-13,web,WELCOME,4.67
O201731,C5347,2024-04-28,web,,5.85
O201732,C5232,2024-03-27,app,,11.88
O201733,C5265,2024-04-20,app,,2.57
O201734,C5085,2024-04-10,web,DESC10,5.01
O201735,C5101,2024-02-27,web,,3.5
O201736,C5213,2024-04-03,app,,9.18
O201737,C5107,2024-03-04,web,WELCOME,9.17
O201738,C5164,2024-03-22,tienda,,3.51
O201739,C5090,2024-05-23,app,VIP20,0.98
O201740,C5191,2024-04-13,web,,0.14
O201741,C5334,2024-05-05,web,,5.13
O201742,C5085,2024-04-16,web,DESC10,4.92
O201743,C5221,2024-03-29,web,FREESHIP,11.86
O201744,C5100,2024-04-21,web,,5.64
O201745,C5225,2024-02-17,app,,3.08
O201746,C5059,2024-05-14,web,,10.69
O201747,C5249,2024-03-11,app,,5.89
O201748,C5047,2024-05-02,app,,7.19
O201749,C5116,2024-03-28,web,,1.15
O201750,C5226,2024-02-27,web,DESC10,4.59
O201751,C5032,2024-03-16,web,,11.33
O201752,C5043,2024-05-02,web,,7.07
O201753,C5164,2024-08-08,app,,4.13
O201754,C5344,2024-04-07,web,DESC10,7.51
O201755,C5291,2024-07-28,app,,10.92
O201756,C5336,2024-02-16,web,,3.29
O201757,C5343,2024-03-31,web,,6.06
O201758,C5286,2024-04-07,app,DESC10,11.5
O201759,C5224,2024-05-05,app,,2.07
O201760,C5285,2024-03-17,web,VIP20,8.64
O201761,C5203,2024-04-25,web,DESC10,7.37
O201762,C5171,2024-04-02,app,WELCOME,8.16
O201763,C5011,2024-06-10,web,FREESHIP,4.21
O201764,C5306,2024-04-17,web,,3.77
O201765,C5120,2024-09-24,app,,8.21
O201766,C5243,2024-04-02,web,,2.59
O201767,C5151,2024-06-05,app,WELCOME,5.04
O201768,C5151,2024-06-26,app,,2.26
O201769,C5187,2024-01-30,app,,0.1
O201770,C5012,2024-05-14,app,,11.64
O201771,C5090,2024-02-27,app,,5.18
O201772,C5199,2024-04-01,app,,11.63
O201773,C5073,2024-03-02,tienda,,1.68
O201774,C5255,2024-06-11,web,,7.05
O201775,C5275,2024-03-19,web,,2.41
O201776,C5327,2024-02-15,app,FREESHIP,9.48
O201777,C5328,2024-04-19,app,DESC10,9.4
O201778,C5070,2024-06-21,web,,1.35
O201779,C5077,2024-03-02,tienda,DESC10,10.94
O201780,C5283,2024-05-21,web,VIP20,2.34
O201781,C5129,2024-02-10,app,,7.36
O201782,C5042,2024-06-26,app,,11.83
O201783,C5007,2024-04-28,tienda,FREESHIP,10.59
O201784,C5012,2024-02-28,web,,11.48
O201785,C5212,2024-05-16,app,WELCOME,4.11
O201786,C5110,2024-03-21,web,WELCOME,1.27
O201787,C5290,2024-03-08,web,WELCOME,2.26
O201788,C5022,2024-03-20,web,,6.01
O201789,C5301,2024-05-10,app,,9.52
O201790,C5253,2024-03-06,web,,1.8
O201791,C5014,2024-02-03,web,FREESHIP,7.92
O201792,C5129,2024-03-22,app,,3.88
O201793,C5060,2024-06-14,app,VIP20,4.09
O201794,C5114,2024-06-13,app,WELCOME,7.94
O201795,C5319,2024-03-20,tienda,FREESHIP,5.6
O201796,C5307,2024-03-19,web,,9.74
O201797,C5324,2024-03-17,tienda,,1.87
O201798,C5066,2024-03-15,tienda,,9.48
O201799,C5248,2024-03-18,web,WELCOME,0.77
